id,train_id,train_number,section_id,start_km,end_km,scheduled_arrival,scheduled_departure,actual_arrival,actual_departure,delay_minutes
PATH-12301-0,TRN-001,12301,SEC-NDLS-AGC-01,0.0,20.0,2026-09-07T17:47:00+00:00,2026-09-07T17:57:00+00:00,2026-09-07T17:47:00+00:00,2026-09-07T17:57:00+00:00,0
PATH-12301-1,TRN-001,12301,SEC-NDLS-AGC-01,20.0,40.0,2026-09-07T18:02:00+00:00,2026-09-07T18:12:00+00:00,2026-09-07T18:02:00+00:00,2026-09-07T18:12:00+00:00,0
PATH-12301-2,TRN-001,12301,SEC-NDLS-AGC-01,40.0,60.0,2026-09-07T18:17:00+00:00,2026-09-07T18:27:00+00:00,2026-09-07T18:17:00+00:00,2026-09-07T18:27:00+00:00,0
PATH-12301-3,TRN-001,12301,SEC-NDLS-AGC-01,60.0,80.0,2026-09-07T18:32:00+00:00,2026-09-07T18:42:00+00:00,2026-09-07T18:32:00+00:00,2026-09-07T18:42:00+00:00,0
PATH-12301-4,TRN-001,12301,SEC-NDLS-AGC-01,80.0,100.0,2026-09-07T18:47:00+00:00,2026-09-07T18:57:00+00:00,2026-09-07T18:47:00+00:00,2026-09-07T18:57:00+00:00,0
PATH-12301-5,TRN-001,12301,SEC-NDLS-AGC-01,100.0,120.0,2026-09-07T19:02:00+00:00,2026-09-07T19:12:00+00:00,2026-09-07T19:02:00+00:00,2026-09-07T19:12:00+00:00,0
PATH-12301-6,TRN-001,12301,SEC-NDLS-AGC-01,120.0,140.0,2026-09-07T19:17:00+00:00,2026-09-07T19:27:00+00:00,2026-09-07T19:17:00+00:00,2026-09-07T19:27:00+00:00,0
PATH-12301-7,TRN-001,12301,SEC-NDLS-AGC-01,140.0,160.0,2026-09-07T19:32:00+00:00,2026-09-07T19:42:00+00:00,2026-09-07T19:32:00+00:00,2026-09-07T19:42:00+00:00,0
PATH-12301-8,TRN-001,12301,SEC-NDLS-AGC-01,160.0,180.0,2026-09-07T19:47:00+00:00,2026-09-07T19:57:00+00:00,2026-09-07T19:47:00+00:00,2026-09-07T19:57:00+00:00,0
PATH-12301-9,TRN-001,12301,SEC-NDLS-AGC-01,180.0,200.0,2026-09-07T20:02:00+00:00,2026-09-07T20:12:00+00:00,2026-09-07T20:02:00+00:00,2026-09-07T20:12:00+00:00,0
PATH-12951-0,TRN-002,12951,SEC-NDLS-AGC-01,0.0,20.0,2026-09-07T10:17:00+00:00,2026-09-07T10:27:00+00:00,2026-09-07T10:17:00+00:00,2026-09-07T10:27:00+00:00,0
PATH-12951-1,TRN-002,12951,SEC-NDLS-AGC-01,20.0,40.0,2026-09-07T10:32:00+00:00,2026-09-07T10:42:00+00:00,2026-09-07T10:32:00+00:00,2026-09-07T10:42:00+00:00,0
PATH-12951-2,TRN-002,12951,SEC-NDLS-AGC-01,40.0,60.0,2026-09-07T10:47:00+00:00,2026-09-07T10:57:00+00:00,2026-09-07T10:47:00+00:00,2026-09-07T10:57:00+00:00,0
PATH-12951-3,TRN-002,12951,SEC-NDLS-AGC-01,60.0,80.0,2026-09-07T11:02:00+00:00,2026-09-07T11:12:00+00:00,2026-09-07T11:02:00+00:00,2026-09-07T11:12:00+00:00,0
PATH-12951-4,TRN-002,12951,SEC-NDLS-AGC-01,80.0,100.0,2026-09-07T11:17:00+00:00,2026-09-07T11:27:00+00:00,2026-09-07T11:17:00+00:00,2026-09-07T11:27:00+00:00,0
PATH-12951-5,TRN-002,12951,SEC-NDLS-AGC-01,100.0,120.0,2026-09-07T11:32:00+00:00,2026-09-07T11:42:00+00:00,2026-09-07T11:32:00+00:00,2026-09-07T11:42:00+00:00,0
PATH-12951-6,TRN-002,12951,SEC-NDLS-AGC-01,120.0,140.0,2026-09-07T11:47:00+00:00,2026-09-07T11:57:00+00:00,2026-09-07T11:47:00+00:00,2026-09-07T11:57:00+00:00,0
PATH-12951-7,TRN-002,12951,SEC-NDLS-AGC-01,140.0,160.0,2026-09-07T12:02:00+00:00,2026-09-07T12:12:00+00:00,2026-09-07T12:02:00+00:00,2026-09-07T12:12:00+00:00,0
PATH-12951-8,TRN-002,12951,SEC-NDLS-AGC-01,160.0,180.0,2026-09-07T12:17:00+00:00,2026-09-07T12:27:00+00:00,2026-09-07T12:17:00+00:00,2026-09-07T12:27:00+00:00,0
PATH-12951-9,TRN-002,12951,SEC-NDLS-AGC-01,180.0,200.0,2026-09-07T12:32:00+00:00,2026-09-07T12:42:00+00:00,2026-09-07T12:32:00+00:00,2026-09-07T12:42:00+00:00,0
PATH-20171-0,TRN-003,20171,SEC-NDLS-AGC-01,0.0,20.0,2026-09-07T15:38:00+00:00,2026-09-07T15:48:00+00:00,2026-09-07T15:38:00+00:00,2026-09-07T15:48:00+00:00,0
PATH-20171-1,TRN-003,20171,SEC-NDLS-AGC-01,20.0,40.0,2026-09-07T15:53:00+00:00,2026-09-07T16:03:00+00:00,2026-09-07T15:53:00+00:00,2026-09-07T16:03:00+00:00,0
PATH-20171-2,TRN-003,20171,SEC-NDLS-AGC-01,40.0,60.0,2026-09-07T16:08:00+00:00,2026-09-07T16:18:00+00:00,2026-09-07T16:08:00+00:00,2026-09-07T16:18:00+00:00,0
PATH-20171-3,TRN-003,20171,SEC-NDLS-AGC-01,60.0,80.0,2026-09-07T16:23:00+00:00,2026-09-07T16:33:00+00:00,2026-09-07T16:23:00+00:00,2026-09-07T16:33:00+00:00,0
PATH-20171-4,TRN-003,20171,SEC-NDLS-AGC-01,80.0,100.0,2026-09-07T16:38:00+00:00,2026-09-07T16:48:00+00:00,2026-09-07T16:38:00+00:00,2026-09-07T16:48:00+00:00,0
PATH-20171-5,TRN-003,20171,SEC-NDLS-AGC-01,100.0,120.0,2026-09-07T16:53:00+00:00,2026-09-07T17:03:00+00:00,2026-09-07T16:53:00+00:00,2026-09-07T17:03:00+00:00,0
PATH-20171-6,TRN-003,20171,SEC-NDLS-AGC-01,120.0,140.0,2026-09-07T17:08:00+00:00,2026-09-07T17:18:00+00:00,2026-09-07T17:08:00+00:00,2026-09-07T17:18:00+00:00,0
PATH-20171-7,TRN-003,20171,SEC-NDLS-AGC-01,140.0,160.0,2026-09-07T17:23:00+00:00,2026-09-07T17:33:00+00:00,2026-09-07T17:23:00+00:00,2026-09-07T17:33:00+00:00,0
PATH-20171-8,TRN-003,20171,SEC-NDLS-AGC-01,160.0,180.0,2026-09-07T17:38:00+00:00,2026-09-07T17:48:00+00:00,2026-09-07T17:38:00+00:00,2026-09-07T17:48:00+00:00,0
PATH-20171-9,TRN-003,20171,SEC-NDLS-AGC-01,180.0,200.0,2026-09-07T17:53:00+00:00,2026-09-07T18:03:00+00:00,2026-09-07T17:53:00+00:00,2026-09-07T18:03:00+00:00,0
PATH-12002-0,TRN-004,12002,SEC-NDLS-AGC-01,0.0,20.0,2026-09-07T01:03:00+00:00,2026-09-07T01:13:00+00:00,2026-09-07T01:03:00+00:00,2026-09-07T01:13:00+00:00,0
PATH-12002-1,TRN-004,12002,SEC-NDLS-AGC-01,20.0,40.0,2026-09-07T01:18:00+00:00,2026-09-07T01:28:00+00:00,2026-09-07T01:18:00+00:00,2026-09-07T01:28:00+00:00,0
PATH-12002-2,TRN-004,12002,SEC-NDLS-AGC-01,40.0,60.0,2026-09-07T01:33:00+00:00,2026-09-07T01:43:00+00:00,2026-09-07T01:33:00+00:00,2026-09-07T01:43:00+00:00,0
PATH-12002-3,TRN-004,12002,SEC-NDLS-AGC-01,60.0,80.0,2026-09-07T01:48:00+00:00,2026-09-07T01:58:00+00:00,2026-09-07T01:48:00+00:00,2026-09-07T01:58:00+00:00,0
PATH-12002-4,TRN-004,12002,SEC-NDLS-AGC-01,80.0,100.0,2026-09-07T02:03:00+00:00,2026-09-07T02:13:00+00:00,2026-09-07T02:03:00+00:00,2026-09-07T02:13:00+00:00,0
PATH-12002-5,TRN-004,12002,SEC-NDLS-AGC-01,100.0,120.0,2026-09-07T02:18:00+00:00,2026-09-07T02:28:00+00:00,2026-09-07T02:18:00+00:00,2026-09-07T02:28:00+00:00,0
PATH-12002-6,TRN-004,12002,SEC-NDLS-AGC-01,120.0,140.0,2026-09-07T02:33:00+00:00,2026-09-07T02:43:00+00:00,2026-09-07T02:33:00+00:00,2026-09-07T02:43:00+00:00,0
PATH-12002-7,TRN-004,12002,SEC-NDLS-AGC-01,140.0,160.0,2026-09-07T02:48:00+00:00,2026-09-07T02:58:00+00:00,2026-09-07T02:48:00+00:00,2026-09-07T02:58:00+00:00,0
PATH-12002-8,TRN-004,12002,SEC-NDLS-AGC-01,160.0,180.0,2026-09-07T03:03:00+00:00,2026-09-07T03:13:00+00:00,2026-09-07T03:03:00+00:00,2026-09-07T03:13:00+00:00,0
PATH-12002-9,TRN-004,12002,SEC-NDLS-AGC-01,180.0,200.0,2026-09-07T03:18:00+00:00,2026-09-07T03:28:00+00:00,2026-09-07T03:18:00+00:00,2026-09-07T03:28:00+00:00,0
PATH-12616-0,TRN-005,12616,SEC-NDLS-AGC-01,0.0,20.0,2026-09-07T02:04:00+00:00,2026-09-07T02:14:00+00:00,2026-09-07T02:04:00+00:00,2026-09-07T02:14:00+00:00,0
PATH-12616-1,TRN-005,12616,SEC-NDLS-AGC-01,20.0,40.0,2026-09-07T02:19:00+00:00,2026-09-07T02:29:00+00:00,2026-09-07T02:19:00+00:00,2026-09-07T02:29:00+00:00,0
PATH-12616-2,TRN-005,12616,SEC-NDLS-AGC-01,40.0,60.0,2026-09-07T02:34:00+00:00,2026-09-07T02:44:00+00:00,2026-09-07T02:34:00+00:00,2026-09-07T02:44:00+00:00,0
PATH-12616-3,TRN-005,12616,SEC-NDLS-AGC-01,60.0,80.0,2026-09-07T02:49:00+00:00,2026-09-07T02:59:00+00:00,2026-09-07T02:49:00+00:00,2026-09-07T02:59:00+00:00,0
PATH-12616-4,TRN-005,12616,SEC-NDLS-AGC-01,80.0,100.0,2026-09-07T03:04:00+00:00,2026-09-07T03:14:00+00:00,2026-09-07T03:04:00+00:00,2026-09-07T03:14:00+00:00,0
PATH-12616-5,TRN-005,12616,SEC-NDLS-AGC-01,100.0,120.0,2026-09-07T03:19:00+00:00,2026-09-07T03:29:00+00:00,2026-09-07T03:19:00+00:00,2026-09-07T03:29:00+00:00,0
PATH-12616-6,TRN-005,12616,SEC-NDLS-AGC-01,120.0,140.0,2026-09-07T03:34:00+00:00,2026-09-07T03:44:00+00:00,2026-09-07T03:34:00+00:00,2026-09-07T03:44:00+00:00,0
PATH-12616-7,TRN-005,12616,SEC-NDLS-AGC-01,140.0,160.0,2026-09-07T03:49:00+00:00,2026-09-07T03:59:00+00:00,2026-09-07T03:49:00+00:00,2026-09-07T03:59:00+00:00,0
PATH-12616-8,TRN-005,12616,SEC-NDLS-AGC-01,160.0,180.0,2026-09-07T04:04:00+00:00,2026-09-07T04:14:00+00:00,2026-09-07T04:04:00+00:00,2026-09-07T04:14:00+00:00,0
PATH-12616-9,TRN-005,12616,SEC-NDLS-AGC-01,180.0,200.0,2026-09-07T04:19:00+00:00,2026-09-07T04:29:00+00:00,2026-09-07T04:19:00+00:00,2026-09-07T04:29:00+00:00,0
PATH-12724-0,TRN-006,12724,SEC-NDLS-AGC-01,0.0,20.0,2026-09-07T16:20:00+00:00,2026-09-07T16:30:00+00:00,2026-09-07T16:20:00+00:00,2026-09-07T16:30:00+00:00,0
PATH-12724-1,TRN-006,12724,SEC-NDLS-AGC-01,20.0,40.0,2026-09-07T16:35:00+00:00,2026-09-07T16:45:00+00:00,2026-09-07T16:35:00+00:00,2026-09-07T16:45:00+00:00,0
PATH-12724-2,TRN-006,12724,SEC-NDLS-AGC-01,40.0,60.0,2026-09-07T16:50:00+00:00,2026-09-07T17:00:00+00:00,2026-09-07T16:50:00+00:00,2026-09-07T17:00:00+00:00,0
PATH-12724-3,TRN-006,12724,SEC-NDLS-AGC-01,60.0,80.0,2026-09-07T17:05:00+00:00,2026-09-07T17:15:00+00:00,2026-09-07T17:05:00+00:00,2026-09-07T17:15:00+00:00,0
PATH-12724-4,TRN-006,12724,SEC-NDLS-AGC-01,80.0,100.0,2026-09-07T17:20:00+00:00,2026-09-07T17:30:00+00:00,2026-09-07T17:20:00+00:00,2026-09-07T17:30:00+00:00,0
PATH-12724-5,TRN-006,12724,SEC-NDLS-AGC-01,100.0,120.0,2026-09-07T17:35:00+00:00,2026-09-07T17:45:00+00:00,2026-09-07T17:35:00+00:00,2026-09-07T17:45:00+00:00,0
PATH-12724-6,TRN-006,12724,SEC-NDLS-AGC-01,120.0,140.0,2026-09-07T17:50:00+00:00,2026-09-07T18:00:00+00:00,2026-09-07T17:50:00+00:00,2026-09-07T18:00:00+00:00,0
PATH-12724-7,TRN-006,12724,SEC-NDLS-AGC-01,140.0,160.0,2026-09-07T18:05:00+00:00,2026-09-07T18:15:00+00:00,2026-09-07T18:05:00+00:00,2026-09-07T18:15:00+00:00,0
PATH-12724-8,TRN-006,12724,SEC-NDLS-AGC-01,160.0,180.0,2026-09-07T18:20:00+00:00,2026-09-07T18:30:00+00:00,2026-09-07T18:20:00+00:00,2026-09-07T18:30:00+00:00,0
PATH-12724-9,TRN-006,12724,SEC-NDLS-AGC-01,180.0,200.0,2026-09-07T18:35:00+00:00,2026-09-07T18:45:00+00:00,2026-09-07T18:35:00+00:00,2026-09-07T18:45:00+00:00,0
PATH-12448-0,TRN-007,12448,SEC-NDLS-AGC-01,0.0,20.0,2026-09-07T13:42:00+00:00,2026-09-07T13:52:00+00:00,2026-09-07T13:42:00+00:00,2026-09-07T13:52:00+00:00,0
PATH-12448-1,TRN-007,12448,SEC-NDLS-AGC-01,20.0,40.0,2026-09-07T13:57:00+00:00,2026-09-07T14:07:00+00:00,2026-09-07T13:57:00+00:00,2026-09-07T14:07:00+00:00,0
PATH-12448-2,TRN-007,12448,SEC-NDLS-AGC-01,40.0,60.0,2026-09-07T14:12:00+00:00,2026-09-07T14:22:00+00:00,2026-09-07T14:12:00+00:00,2026-09-07T14:22:00+00:00,0
PATH-12448-3,TRN-007,12448,SEC-NDLS-AGC-01,60.0,80.0,2026-09-07T14:27:00+00:00,2026-09-07T14:37:00+00:00,2026-09-07T14:27:00+00:00,2026-09-07T14:37:00+00:00,0
PATH-12448-4,TRN-007,12448,SEC-NDLS-AGC-01,80.0,100.0,2026-09-07T14:42:00+00:00,2026-09-07T14:52:00+00:00,2026-09-07T14:42:00+00:00,2026-09-07T14:52:00+00:00,0
PATH-12448-5,TRN-007,12448,SEC-NDLS-AGC-01,100.0,120.0,2026-09-07T14:57:00+00:00,2026-09-07T15:07:00+00:00,2026-09-07T14:57:00+00:00,2026-09-07T15:07:00+00:00,0
PATH-12448-6,TRN-007,12448,SEC-NDLS-AGC-01,120.0,140.0,2026-09-07T15:12:00+00:00,2026-09-07T15:22:00+00:00,2026-09-07T15:12:00+00:00,2026-09-07T15:22:00+00:00,0
PATH-12448-7,TRN-007,12448,SEC-NDLS-AGC-01,140.0,160.0,2026-09-07T15:27:00+00:00,2026-09-07T15:37:00+00:00,2026-09-07T15:27:00+00:00,2026-09-07T15:37:00+00:00,0
PATH-12448-8,TRN-007,12448,SEC-NDLS-AGC-01,160.0,180.0,2026-09-07T15:42:00+00:00,2026-09-07T15:52:00+00:00,2026-09-07T15:42:00+00:00,2026-09-07T15:52:00+00:00,0
PATH-12448-9,TRN-007,12448,SEC-NDLS-AGC-01,180.0,200.0,2026-09-07T15:57:00+00:00,2026-09-07T16:07:00+00:00,2026-09-07T15:57:00+00:00,2026-09-07T16:07:00+00:00,0
PATH-12622-0,TRN-008,12622,SEC-NDLS-AGC-01,0.0,20.0,2026-09-07T14:33:00+00:00,2026-09-07T14:43:00+00:00,2026-09-07T14:33:00+00:00,2026-09-07T14:43:00+00:00,0
PATH-12622-1,TRN-008,12622,SEC-NDLS-AGC-01,20.0,40.0,2026-09-07T14:48:00+00:00,2026-09-07T14:58:00+00:00,2026-09-07T14:48:00+00:00,2026-09-07T14:58:00+00:00,0
PATH-12622-2,TRN-008,12622,SEC-NDLS-AGC-01,40.0,60.0,2026-09-07T15:03:00+00:00,2026-09-07T15:13:00+00:00,2026-09-07T15:03:00+00:00,2026-09-07T15:13:00+00:00,0
PATH-12622-3,TRN-008,12622,SEC-NDLS-AGC-01,60.0,80.0,2026-09-07T15:18:00+00:00,2026-09-07T15:28:00+00:00,2026-09-07T15:18:00+00:00,2026-09-07T15:28:00+00:00,0
PATH-12622-4,TRN-008,12622,SEC-NDLS-AGC-01,80.0,100.0,2026-09-07T15:33:00+00:00,2026-09-07T15:43:00+00:00,2026-09-07T15:33:00+00:00,2026-09-07T15:43:00+00:00,0
PATH-12622-5,TRN-008,12622,SEC-NDLS-AGC-01,100.0,120.0,2026-09-07T15:48:00+00:00,2026-09-07T15:58:00+00:00,2026-09-07T15:48:00+00:00,2026-09-07T15:58:00+00:00,0
PATH-12622-6,TRN-008,12622,SEC-NDLS-AGC-01,120.0,140.0,2026-09-07T16:03:00+00:00,2026-09-07T16:13:00+00:00,2026-09-07T16:03:00+00:00,2026-09-07T16:13:00+00:00,0
PATH-12622-7,TRN-008,12622,SEC-NDLS-AGC-01,140.0,160.0,2026-09-07T16:18:00+00:00,2026-09-07T16:28:00+00:00,2026-09-07T16:18:00+00:00,2026-09-07T16:28:00+00:00,0
PATH-12622-8,TRN-008,12622,SEC-NDLS-AGC-01,160.0,180.0,2026-09-07T16:33:00+00:00,2026-09-07T16:43:00+00:00,2026-09-07T16:33:00+00:00,2026-09-07T16:43:00+00:00,0
PATH-12622-9,TRN-008,12622,SEC-NDLS-AGC-01,180.0,200.0,2026-09-07T16:48:00+00:00,2026-09-07T16:58:00+00:00,2026-09-07T16:48:00+00:00,2026-09-07T16:58:00+00:00,0
PATH-12009-0,TRN-009,12009,SEC-NDLS-AGC-01,0.0,20.0,2026-09-07T03:41:00+00:00,2026-09-07T03:51:00+00:00,2026-09-07T03:41:00+00:00,2026-09-07T03:51:00+00:00,0
PATH-12009-1,TRN-009,12009,SEC-NDLS-AGC-01,20.0,40.0,2026-09-07T03:56:00+00:00,2026-09-07T04:06:00+00:00,2026-09-07T03:56:00+00:00,2026-09-07T04:06:00+00:00,0
PATH-12009-2,TRN-009,12009,SEC-NDLS-AGC-01,40.0,60.0,2026-09-07T04:11:00+00:00,2026-09-07T04:21:00+00:00,2026-09-07T04:11:00+00:00,2026-09-07T04:21:00+00:00,0
PATH-12009-3,TRN-009,12009,SEC-NDLS-AGC-01,60.0,80.0,2026-09-07T04:26:00+00:00,2026-09-07T04:36:00+00:00,2026-09-07T04:26:00+00:00,2026-09-07T04:36:00+00:00,0
PATH-12009-4,TRN-009,12009,SEC-NDLS-AGC-01,80.0,100.0,2026-09-07T04:41:00+00:00,2026-09-07T04:51:00+00:00,2026-09-07T04:41:00+00:00,2026-09-07T04:51:00+00:00,0
PATH-12009-5,TRN-009,12009,SEC-NDLS-AGC-01,100.0,120.0,2026-09-07T04:56:00+00:00,2026-09-07T05:06:00+00:00,2026-09-07T04:56:00+00:00,2026-09-07T05:06:00+00:00,0
PATH-12009-6,TRN-009,12009,SEC-NDLS-AGC-01,120.0,140.0,2026-09-07T05:11:00+00:00,2026-09-07T05:21:00+00:00,2026-09-07T05:11:00+00:00,2026-09-07T05:21:00+00:00,0
PATH-12009-7,TRN-009,12009,SEC-NDLS-AGC-01,140.0,160.0,2026-09-07T05:26:00+00:00,2026-09-07T05:36:00+00:00,2026-09-07T05:26:00+00:00,2026-09-07T05:36:00+00:00,0
PATH-12009-8,TRN-009,12009,SEC-NDLS-AGC-01,160.0,180.0,2026-09-07T05:41:00+00:00,2026-09-07T05:51:00+00:00,2026-09-07T05:41:00+00:00,2026-09-07T05:51:00+00:00,0
PATH-12009-9,TRN-009,12009,SEC-NDLS-AGC-01,180.0,200.0,2026-09-07T05:56:00+00:00,2026-09-07T06:06:00+00:00,2026-09-07T05:56:00+00:00,2026-09-07T06:06:00+00:00,0
PATH-12010-0,TRN-010,12010,SEC-NDLS-AGC-01,0.0,20.0,2026-09-07T16:44:00+00:00,2026-09-07T16:54:00+00:00,2026-09-07T16:44:00+00:00,2026-09-07T16:54:00+00:00,0
PATH-12010-1,TRN-010,12010,SEC-NDLS-AGC-01,20.0,40.0,2026-09-07T16:59:00+00:00,2026-09-07T17:09:00+00:00,2026-09-07T16:59:00+00:00,2026-09-07T17:09:00+00:00,0
PATH-12010-2,TRN-010,12010,SEC-NDLS-AGC-01,40.0,60.0,2026-09-07T17:14:00+00:00,2026-09-07T17:24:00+00:00,2026-09-07T17:14:00+00:00,2026-09-07T17:24:00+00:00,0
PATH-12010-3,TRN-010,12010,SEC-NDLS-AGC-01,60.0,80.0,2026-09-07T17:29:00+00:00,2026-09-07T17:39:00+00:00,2026-09-07T17:29:00+00:00,2026-09-07T17:39:00+00:00,0
PATH-12010-4,TRN-010,12010,SEC-NDLS-AGC-01,80.0,100.0,2026-09-07T17:44:00+00:00,2026-09-07T17:54:00+00:00,2026-09-07T17:44:00+00:00,2026-09-07T17:54:00+00:00,0
PATH-12010-5,TRN-010,12010,SEC-NDLS-AGC-01,100.0,120.0,2026-09-07T17:59:00+00:00,2026-09-07T18:09:00+00:00,2026-09-07T17:59:00+00:00,2026-09-07T18:09:00+00:00,0
PATH-12010-6,TRN-010,12010,SEC-NDLS-AGC-01,120.0,140.0,2026-09-07T18:14:00+00:00,2026-09-07T18:24:00+00:00,2026-09-07T18:14:00+00:00,2026-09-07T18:24:00+00:00,0
PATH-12010-7,TRN-010,12010,SEC-NDLS-AGC-01,140.0,160.0,2026-09-07T18:29:00+00:00,2026-09-07T18:39:00+00:00,2026-09-07T18:29:00+00:00,2026-09-07T18:39:00+00:00,0
PATH-12010-8,TRN-010,12010,SEC-NDLS-AGC-01,160.0,180.0,2026-09-07T18:44:00+00:00,2026-09-07T18:54:00+00:00,2026-09-07T18:44:00+00:00,2026-09-07T18:54:00+00:00,0
PATH-12010-9,TRN-010,12010,SEC-NDLS-AGC-01,180.0,200.0,2026-09-07T18:59:00+00:00,2026-09-07T19:09:00+00:00,2026-09-07T18:59:00+00:00,2026-09-07T19:09:00+00:00,0
PATH-12011-0,TRN-011,12011,SEC-NDLS-AGC-01,0.0,20.0,2026-09-07T15:08:00+00:00,2026-09-07T15:18:00+00:00,2026-09-07T15:08:00+00:00,2026-09-07T15:18:00+00:00,0
PATH-12011-1,TRN-011,12011,SEC-NDLS-AGC-01,20.0,40.0,2026-09-07T15:23:00+00:00,2026-09-07T15:33:00+00:00,2026-09-07T15:23:00+00:00,2026-09-07T15:33:00+00:00,0
PATH-12011-2,TRN-011,12011,SEC-NDLS-AGC-01,40.0,60.0,2026-09-07T15:38:00+00:00,2026-09-07T15:48:00+00:00,2026-09-07T15:38:00+00:00,2026-09-07T15:48:00+00:00,0
PATH-12011-3,TRN-011,12011,SEC-NDLS-AGC-01,60.0,80.0,2026-09-07T15:53:00+00:00,2026-09-07T16:03:00+00:00,2026-09-07T15:53:00+00:00,2026-09-07T16:03:00+00:00,0
PATH-12011-4,TRN-011,12011,SEC-NDLS-AGC-01,80.0,100.0,2026-09-07T16:08:00+00:00,2026-09-07T16:18:00+00:00,2026-09-07T16:08:00+00:00,2026-09-07T16:18:00+00:00,0
PATH-12011-5,TRN-011,12011,SEC-NDLS-AGC-01,100.0,120.0,2026-09-07T16:23:00+00:00,2026-09-07T16:33:00+00:00,2026-09-07T16:23:00+00:00,2026-09-07T16:33:00+00:00,0
PATH-12011-6,TRN-011,12011,SEC-NDLS-AGC-01,120.0,140.0,2026-09-07T16:38:00+00:00,2026-09-07T16:48:00+00:00,2026-09-07T16:38:00+00:00,2026-09-07T16:48:00+00:00,0
PATH-12011-7,TRN-011,12011,SEC-NDLS-AGC-01,140.0,160.0,2026-09-07T16:53:00+00:00,2026-09-07T17:03:00+00:00,2026-09-07T16:53:00+00:00,2026-09-07T17:03:00+00:00,0
PATH-12011-8,TRN-011,12011,SEC-NDLS-AGC-01,160.0,180.0,2026-09-07T17:08:00+00:00,2026-09-07T17:18:00+00:00,2026-09-07T17:08:00+00:00,2026-09-07T17:18:00+00:00,0
PATH-12011-9,TRN-011,12011,SEC-NDLS-AGC-01,180.0,200.0,2026-09-07T17:23:00+00:00,2026-09-07T17:33:00+00:00,2026-09-07T17:23:00+00:00,2026-09-07T17:33:00+00:00,0
PATH-12012-0,TRN-012,12012,SEC-NDLS-AGC-01,0.0,20.0,2026-09-07T02:30:00+00:00,2026-09-07T02:40:00+00:00,2026-09-07T02:30:00+00:00,2026-09-07T02:40:00+00:00,15
PATH-12012-1,TRN-012,12012,SEC-NDLS-AGC-01,20.0,40.0,2026-09-07T02:45:00+00:00,2026-09-07T02:55:00+00:00,2026-09-07T02:45:00+00:00,2026-09-07T02:55:00+00:00,30
PATH-12012-2,TRN-012,12012,SEC-NDLS-AGC-01,40.0,60.0,2026-09-07T03:00:00+00:00,2026-09-07T03:10:00+00:00,2026-09-07T03:00:00+00:00,2026-09-07T03:10:00+00:00,19
PATH-12012-3,TRN-012,12012,SEC-NDLS-AGC-01,60.0,80.0,2026-09-07T03:15:00+00:00,2026-09-07T03:25:00+00:00,2026-09-07T03:15:00+00:00,2026-09-07T03:25:00+00:00,14
PATH-12012-4,TRN-012,12012,SEC-NDLS-AGC-01,80.0,100.0,2026-09-07T03:30:00+00:00,2026-09-07T03:40:00+00:00,2026-09-07T03:30:00+00:00,2026-09-07T03:40:00+00:00,18
PATH-12012-5,TRN-012,12012,SEC-NDLS-AGC-01,100.0,120.0,2026-09-07T03:45:00+00:00,2026-09-07T03:55:00+00:00,2026-09-07T03:45:00+00:00,2026-09-07T03:55:00+00:00,27
PATH-12012-6,TRN-012,12012,SEC-NDLS-AGC-01,120.0,140.0,2026-09-07T04:00:00+00:00,2026-09-07T04:10:00+00:00,2026-09-07T04:00:00+00:00,2026-09-07T04:10:00+00:00,45
PATH-12012-7,TRN-012,12012,SEC-NDLS-AGC-01,140.0,160.0,2026-09-07T04:15:00+00:00,2026-09-07T04:25:00+00:00,2026-09-07T04:15:00+00:00,2026-09-07T04:25:00+00:00,30
PATH-12012-8,TRN-012,12012,SEC-NDLS-AGC-01,160.0,180.0,2026-09-07T04:30:00+00:00,2026-09-07T04:40:00+00:00,2026-09-07T04:30:00+00:00,2026-09-07T04:40:00+00:00,34
PATH-12012-9,TRN-012,12012,SEC-NDLS-AGC-01,180.0,200.0,2026-09-07T04:45:00+00:00,2026-09-07T04:55:00+00:00,2026-09-07T04:45:00+00:00,2026-09-07T04:55:00+00:00,43
PATH-12013-0,TRN-013,12013,SEC-NDLS-AGC-01,0.0,20.0,2026-09-07T10:03:00+00:00,2026-09-07T10:13:00+00:00,2026-09-07T10:03:00+00:00,2026-09-07T10:13:00+00:00,0
PATH-12013-1,TRN-013,12013,SEC-NDLS-AGC-01,20.0,40.0,2026-09-07T10:18:00+00:00,2026-09-07T10:28:00+00:00,2026-09-07T10:18:00+00:00,2026-09-07T10:28:00+00:00,0
PATH-12013-2,TRN-013,12013,SEC-NDLS-AGC-01,40.0,60.0,2026-09-07T10:33:00+00:00,2026-09-07T10:43:00+00:00,2026-09-07T10:33:00+00:00,2026-09-07T10:43:00+00:00,0
PATH-12013-3,TRN-013,12013,SEC-NDLS-AGC-01,60.0,80.0,2026-09-07T10:48:00+00:00,2026-09-07T10:58:00+00:00,2026-09-07T10:48:00+00:00,2026-09-07T10:58:00+00:00,0
PATH-12013-4,TRN-013,12013,SEC-NDLS-AGC-01,80.0,100.0,2026-09-07T11:03:00+00:00,2026-09-07T11:13:00+00:00,2026-09-07T11:03:00+00:00,2026-09-07T11:13:00+00:00,0
PATH-12013-5,TRN-013,12013,SEC-NDLS-AGC-01,100.0,120.0,2026-09-07T11:18:00+00:00,2026-09-07T11:28:00+00:00,2026-09-07T11:18:00+00:00,2026-09-07T11:28:00+00:00,0
PATH-12013-6,TRN-013,12013,SEC-NDLS-AGC-01,120.0,140.0,2026-09-07T11:33:00+00:00,2026-09-07T11:43:00+00:00,2026-09-07T11:33:00+00:00,2026-09-07T11:43:00+00:00,0
PATH-12013-7,TRN-013,12013,SEC-NDLS-AGC-01,140.0,160.0,2026-09-07T11:48:00+00:00,2026-09-07T11:58:00+00:00,2026-09-07T11:48:00+00:00,2026-09-07T11:58:00+00:00,0
PATH-12013-8,TRN-013,12013,SEC-NDLS-AGC-01,160.0,180.0,2026-09-07T12:03:00+00:00,2026-09-07T12:13:00+00:00,2026-09-07T12:03:00+00:00,2026-09-07T12:13:00+00:00,0
PATH-12013-9,TRN-013,12013,SEC-NDLS-AGC-01,180.0,200.0,2026-09-07T12:18:00+00:00,2026-09-07T12:28:00+00:00,2026-09-07T12:18:00+00:00,2026-09-07T12:28:00+00:00,0
PATH-12014-0,TRN-014,12014,SEC-NDLS-AGC-01,0.0,20.0,2026-09-07T15:29:00+00:00,2026-09-07T15:39:00+00:00,2026-09-07T15:29:00+00:00,2026-09-07T15:39:00+00:00,0
PATH-12014-1,TRN-014,12014,SEC-NDLS-AGC-01,20.0,40.0,2026-09-07T15:44:00+00:00,2026-09-07T15:54:00+00:00,2026-09-07T15:44:00+00:00,2026-09-07T15:54:00+00:00,0
PATH-12014-2,TRN-014,12014,SEC-NDLS-AGC-01,40.0,60.0,2026-09-07T15:59:00+00:00,2026-09-07T16:09:00+00:00,2026-09-07T15:59:00+00:00,2026-09-07T16:09:00+00:00,0
PATH-12014-3,TRN-014,12014,SEC-NDLS-AGC-01,60.0,80.0,2026-09-07T16:14:00+00:00,2026-09-07T16:24:00+00:00,2026-09-07T16:14:00+00:00,2026-09-07T16:24:00+00:00,0
PATH-12014-4,TRN-014,12014,SEC-NDLS-AGC-01,80.0,100.0,2026-09-07T16:29:00+00:00,2026-09-07T16:39:00+00:00,2026-09-07T16:29:00+00:00,2026-09-07T16:39:00+00:00,0
PATH-12014-5,TRN-014,12014,SEC-NDLS-AGC-01,100.0,120.0,2026-09-07T16:44:00+00:00,2026-09-07T16:54:00+00:00,2026-09-07T16:44:00+00:00,2026-09-07T16:54:00+00:00,0
PATH-12014-6,TRN-014,12014,SEC-NDLS-AGC-01,120.0,140.0,2026-09-07T16:59:00+00:00,2026-09-07T17:09:00+00:00,2026-09-07T16:59:00+00:00,2026-09-07T17:09:00+00:00,0
PATH-12014-7,TRN-014,12014,SEC-NDLS-AGC-01,140.0,160.0,2026-09-07T17:14:00+00:00,2026-09-07T17:24:00+00:00,2026-09-07T17:14:00+00:00,2026-09-07T17:24:00+00:00,0
PATH-12014-8,TRN-014,12014,SEC-NDLS-AGC-01,160.0,180.0,2026-09-07T17:29:00+00:00,2026-09-07T17:39:00+00:00,2026-09-07T17:29:00+00:00,2026-09-07T17:39:00+00:00,0
PATH-12014-9,TRN-014,12014,SEC-NDLS-AGC-01,180.0,200.0,2026-09-07T17:44:00+00:00,2026-09-07T17:54:00+00:00,2026-09-07T17:44:00+00:00,2026-09-07T17:54:00+00:00,0
PATH-12015-0,TRN-015,12015,SEC-NDLS-AGC-01,0.0,20.0,2026-09-07T17:15:00+00:00,2026-09-07T17:25:00+00:00,2026-09-07T17:15:00+00:00,2026-09-07T17:25:00+00:00,0
PATH-12015-1,TRN-015,12015,SEC-NDLS-AGC-01,20.0,40.0,2026-09-07T17:30:00+00:00,2026-09-07T17:40:00+00:00,2026-09-07T17:30:00+00:00,2026-09-07T17:40:00+00:00,0
PATH-12015-2,TRN-015,12015,SEC-NDLS-AGC-01,40.0,60.0,2026-09-07T17:45:00+00:00,2026-09-07T17:55:00+00:00,2026-09-07T17:45:00+00:00,2026-09-07T17:55:00+00:00,0
PATH-12015-3,TRN-015,12015,SEC-NDLS-AGC-01,60.0,80.0,2026-09-07T18:00:00+00:00,2026-09-07T18:10:00+00:00,2026-09-07T18:00:00+00:00,2026-09-07T18:10:00+00:00,0
PATH-12015-4,TRN-015,12015,SEC-NDLS-AGC-01,80.0,100.0,2026-09-07T18:15:00+00:00,2026-09-07T18:25:00+00:00,2026-09-07T18:15:00+00:00,2026-09-07T18:25:00+00:00,0
PATH-12015-5,TRN-015,12015,SEC-NDLS-AGC-01,100.0,120.0,2026-09-07T18:30:00+00:00,2026-09-07T18:40:00+00:00,2026-09-07T18:30:00+00:00,2026-09-07T18:40:00+00:00,0
PATH-12015-6,TRN-015,12015,SEC-NDLS-AGC-01,120.0,140.0,2026-09-07T18:45:00+00:00,2026-09-07T18:55:00+00:00,2026-09-07T18:45:00+00:00,2026-09-07T18:55:00+00:00,0
PATH-12015-7,TRN-015,12015,SEC-NDLS-AGC-01,140.0,160.0,2026-09-07T19:00:00+00:00,2026-09-07T19:10:00+00:00,2026-09-07T19:00:00+00:00,2026-09-07T19:10:00+00:00,0
PATH-12015-8,TRN-015,12015,SEC-NDLS-AGC-01,160.0,180.0,2026-09-07T19:15:00+00:00,2026-09-07T19:25:00+00:00,2026-09-07T19:15:00+00:00,2026-09-07T19:25:00+00:00,0
PATH-12015-9,TRN-015,12015,SEC-NDLS-AGC-01,180.0,200.0,2026-09-07T19:30:00+00:00,2026-09-07T19:40:00+00:00,2026-09-07T19:30:00+00:00,2026-09-07T19:40:00+00:00,0
PATH-12016-0,TRN-016,12016,SEC-NDLS-AGC-01,0.0,20.0,2026-09-07T14:41:00+00:00,2026-09-07T14:51:00+00:00,2026-09-07T14:41:00+00:00,2026-09-07T14:51:00+00:00,0
PATH-12016-1,TRN-016,12016,SEC-NDLS-AGC-01,20.0,40.0,2026-09-07T14:56:00+00:00,2026-09-07T15:06:00+00:00,2026-09-07T14:56:00+00:00,2026-09-07T15:06:00+00:00,0
PATH-12016-2,TRN-016,12016,SEC-NDLS-AGC-01,40.0,60.0,2026-09-07T15:11:00+00:00,2026-09-07T15:21:00+00:00,2026-09-07T15:11:00+00:00,2026-09-07T15:21:00+00:00,0
PATH-12016-3,TRN-016,12016,SEC-NDLS-AGC-01,60.0,80.0,2026-09-07T15:26:00+00:00,2026-09-07T15:36:00+00:00,2026-09-07T15:26:00+00:00,2026-09-07T15:36:00+00:00,0
PATH-12016-4,TRN-016,12016,SEC-NDLS-AGC-01,80.0,100.0,2026-09-07T15:41:00+00:00,2026-09-07T15:51:00+00:00,2026-09-07T15:41:00+00:00,2026-09-07T15:51:00+00:00,0
PATH-12016-5,TRN-016,12016,SEC-NDLS-AGC-01,100.0,120.0,2026-09-07T15:56:00+00:00,2026-09-07T16:06:00+00:00,2026-09-07T15:56:00+00:00,2026-09-07T16:06:00+00:00,0
PATH-12016-6,TRN-016,12016,SEC-NDLS-AGC-01,120.0,140.0,2026-09-07T16:11:00+00:00,2026-09-07T16:21:00+00:00,2026-09-07T16:11:00+00:00,2026-09-07T16:21:00+00:00,0
PATH-12016-7,TRN-016,12016,SEC-NDLS-AGC-01,140.0,160.0,2026-09-07T16:26:00+00:00,2026-09-07T16:36:00+00:00,2026-09-07T16:26:00+00:00,2026-09-07T16:36:00+00:00,0
PATH-12016-8,TRN-016,12016,SEC-NDLS-AGC-01,160.0,180.0,2026-09-07T16:41:00+00:00,2026-09-07T16:51:00+00:00,2026-09-07T16:41:00+00:00,2026-09-07T16:51:00+00:00,0
PATH-12016-9,TRN-016,12016,SEC-NDLS-AGC-01,180.0,200.0,2026-09-07T16:56:00+00:00,2026-09-07T17:06:00+00:00,2026-09-07T16:56:00+00:00,2026-09-07T17:06:00+00:00,0
PATH-12017-0,TRN-017,12017,SEC-NDLS-AGC-01,0.0,20.0,2026-09-07T03:23:00+00:00,2026-09-07T03:33:00+00:00,2026-09-07T03:23:00+00:00,2026-09-07T03:33:00+00:00,0
PATH-12017-1,TRN-017,12017,SEC-NDLS-AGC-01,20.0,40.0,2026-09-07T03:38:00+00:00,2026-09-07T03:48:00+00:00,2026-09-07T03:38:00+00:00,2026-09-07T03:48:00+00:00,0
PATH-12017-2,TRN-017,12017,SEC-NDLS-AGC-01,40.0,60.0,2026-09-07T03:53:00+00:00,2026-09-07T04:03:00+00:00,2026-09-07T03:53:00+00:00,2026-09-07T04:03:00+00:00,0
PATH-12017-3,TRN-017,12017,SEC-NDLS-AGC-01,60.0,80.0,2026-09-07T04:08:00+00:00,2026-09-07T04:18:00+00:00,2026-09-07T04:08:00+00:00,2026-09-07T04:18:00+00:00,0
PATH-12017-4,TRN-017,12017,SEC-NDLS-AGC-01,80.0,100.0,2026-09-07T04:23:00+00:00,2026-09-07T04:33:00+00:00,2026-09-07T04:23:00+00:00,2026-09-07T04:33:00+00:00,0
PATH-12017-5,TRN-017,12017,SEC-NDLS-AGC-01,100.0,120.0,2026-09-07T04:38:00+00:00,2026-09-07T04:48:00+00:00,2026-09-07T04:38:00+00:00,2026-09-07T04:48:00+00:00,0
PATH-12017-6,TRN-017,12017,SEC-NDLS-AGC-01,120.0,140.0,2026-09-07T04:53:00+00:00,2026-09-07T05:03:00+00:00,2026-09-07T04:53:00+00:00,2026-09-07T05:03:00+00:00,0
PATH-12017-7,TRN-017,12017,SEC-NDLS-AGC-01,140.0,160.0,2026-09-07T05:08:00+00:00,2026-09-07T05:18:00+00:00,2026-09-07T05:08:00+00:00,2026-09-07T05:18:00+00:00,0
PATH-12017-8,TRN-017,12017,SEC-NDLS-AGC-01,160.0,180.0,2026-09-07T05:23:00+00:00,2026-09-07T05:33:00+00:00,2026-09-07T05:23:00+00:00,2026-09-07T05:33:00+00:00,0
PATH-12017-9,TRN-017,12017,SEC-NDLS-AGC-01,180.0,200.0,2026-09-07T05:38:00+00:00,2026-09-07T05:48:00+00:00,2026-09-07T05:38:00+00:00,2026-09-07T05:48:00+00:00,0
PATH-12018-0,TRN-018,12018,SEC-NDLS-AGC-01,0.0,20.0,2026-09-07T03:54:00+00:00,2026-09-07T04:04:00+00:00,2026-09-07T03:54:00+00:00,2026-09-07T04:04:00+00:00,45
PATH-12018-1,TRN-018,12018,SEC-NDLS-AGC-01,20.0,40.0,2026-09-07T04:09:00+00:00,2026-09-07T04:19:00+00:00,2026-09-07T04:09:00+00:00,2026-09-07T04:19:00+00:00,23
PATH-12018-2,TRN-018,12018,SEC-NDLS-AGC-01,40.0,60.0,2026-09-07T04:24:00+00:00,2026-09-07T04:34:00+00:00,2026-09-07T04:24:00+00:00,2026-09-07T04:34:00+00:00,37
PATH-12018-3,TRN-018,12018,SEC-NDLS-AGC-01,60.0,80.0,2026-09-07T04:39:00+00:00,2026-09-07T04:49:00+00:00,2026-09-07T04:39:00+00:00,2026-09-07T04:49:00+00:00,38
PATH-12018-4,TRN-018,12018,SEC-NDLS-AGC-01,80.0,100.0,2026-09-07T04:54:00+00:00,2026-09-07T05:04:00+00:00,2026-09-07T04:54:00+00:00,2026-09-07T05:04:00+00:00,24
PATH-12018-5,TRN-018,12018,SEC-NDLS-AGC-01,100.0,120.0,2026-09-07T05:09:00+00:00,2026-09-07T05:19:00+00:00,2026-09-07T05:09:00+00:00,2026-09-07T05:19:00+00:00,36
PATH-12018-6,TRN-018,12018,SEC-NDLS-AGC-01,120.0,140.0,2026-09-07T05:24:00+00:00,2026-09-07T05:34:00+00:00,2026-09-07T05:24:00+00:00,2026-09-07T05:34:00+00:00,31
PATH-12018-7,TRN-018,12018,SEC-NDLS-AGC-01,140.0,160.0,2026-09-07T05:39:00+00:00,2026-09-07T05:49:00+00:00,2026-09-07T05:39:00+00:00,2026-09-07T05:49:00+00:00,39
PATH-12018-8,TRN-018,12018,SEC-NDLS-AGC-01,160.0,180.0,2026-09-07T05:54:00+00:00,2026-09-07T06:04:00+00:00,2026-09-07T05:54:00+00:00,2026-09-07T06:04:00+00:00,35
PATH-12018-9,TRN-018,12018,SEC-NDLS-AGC-01,180.0,200.0,2026-09-07T06:09:00+00:00,2026-09-07T06:19:00+00:00,2026-09-07T06:09:00+00:00,2026-09-07T06:19:00+00:00,36
PATH-12019-0,TRN-019,12019,SEC-NDLS-AGC-01,0.0,20.0,2026-09-07T03:14:00+00:00,2026-09-07T03:24:00+00:00,2026-09-07T03:14:00+00:00,2026-09-07T03:24:00+00:00,0
PATH-12019-1,TRN-019,12019,SEC-NDLS-AGC-01,20.0,40.0,2026-09-07T03:29:00+00:00,2026-09-07T03:39:00+00:00,2026-09-07T03:29:00+00:00,2026-09-07T03:39:00+00:00,0
PATH-12019-2,TRN-019,12019,SEC-NDLS-AGC-01,40.0,60.0,2026-09-07T03:44:00+00:00,2026-09-07T03:54:00+00:00,2026-09-07T03:44:00+00:00,2026-09-07T03:54:00+00:00,0
PATH-12019-3,TRN-019,12019,SEC-NDLS-AGC-01,60.0,80.0,2026-09-07T03:59:00+00:00,2026-09-07T04:09:00+00:00,2026-09-07T03:59:00+00:00,2026-09-07T04:09:00+00:00,0
PATH-12019-4,TRN-019,12019,SEC-NDLS-AGC-01,80.0,100.0,2026-09-07T04:14:00+00:00,2026-09-07T04:24:00+00:00,2026-09-07T04:14:00+00:00,2026-09-07T04:24:00+00:00,0
PATH-12019-5,TRN-019,12019,SEC-NDLS-AGC-01,100.0,120.0,2026-09-07T04:29:00+00:00,2026-09-07T04:39:00+00:00,2026-09-07T04:29:00+00:00,2026-09-07T04:39:00+00:00,0
PATH-12019-6,TRN-019,12019,SEC-NDLS-AGC-01,120.0,140.0,2026-09-07T04:44:00+00:00,2026-09-07T04:54:00+00:00,2026-09-07T04:44:00+00:00,2026-09-07T04:54:00+00:00,0
PATH-12019-7,TRN-019,12019,SEC-NDLS-AGC-01,140.0,160.0,2026-09-07T04:59:00+00:00,2026-09-07T05:09:00+00:00,2026-09-07T04:59:00+00:00,2026-09-07T05:09:00+00:00,0
PATH-12019-8,TRN-019,12019,SEC-NDLS-AGC-01,160.0,180.0,2026-09-07T05:14:00+00:00,2026-09-07T05:24:00+00:00,2026-09-07T05:14:00+00:00,2026-09-07T05:24:00+00:00,0
PATH-12019-9,TRN-019,12019,SEC-NDLS-AGC-01,180.0,200.0,2026-09-07T05:29:00+00:00,2026-09-07T05:39:00+00:00,2026-09-07T05:29:00+00:00,2026-09-07T05:39:00+00:00,0
PATH-12020-0,TRN-020,12020,SEC-NDLS-AGC-01,0.0,20.0,2026-09-07T10:40:00+00:00,2026-09-07T10:50:00+00:00,2026-09-07T10:40:00+00:00,2026-09-07T10:50:00+00:00,0
PATH-12020-1,TRN-020,12020,SEC-NDLS-AGC-01,20.0,40.0,2026-09-07T10:55:00+00:00,2026-09-07T11:05:00+00:00,2026-09-07T10:55:00+00:00,2026-09-07T11:05:00+00:00,0
PATH-12020-2,TRN-020,12020,SEC-NDLS-AGC-01,40.0,60.0,2026-09-07T11:10:00+00:00,2026-09-07T11:20:00+00:00,2026-09-07T11:10:00+00:00,2026-09-07T11:20:00+00:00,0
PATH-12020-3,TRN-020,12020,SEC-NDLS-AGC-01,60.0,80.0,2026-09-07T11:25:00+00:00,2026-09-07T11:35:00+00:00,2026-09-07T11:25:00+00:00,2026-09-07T11:35:00+00:00,0
PATH-12020-4,TRN-020,12020,SEC-NDLS-AGC-01,80.0,100.0,2026-09-07T11:40:00+00:00,2026-09-07T11:50:00+00:00,2026-09-07T11:40:00+00:00,2026-09-07T11:50:00+00:00,0
PATH-12020-5,TRN-020,12020,SEC-NDLS-AGC-01,100.0,120.0,2026-09-07T11:55:00+00:00,2026-09-07T12:05:00+00:00,2026-09-07T11:55:00+00:00,2026-09-07T12:05:00+00:00,0
PATH-12020-6,TRN-020,12020,SEC-NDLS-AGC-01,120.0,140.0,2026-09-07T12:10:00+00:00,2026-09-07T12:20:00+00:00,2026-09-07T12:10:00+00:00,2026-09-07T12:20:00+00:00,0
PATH-12020-7,TRN-020,12020,SEC-NDLS-AGC-01,140.0,160.0,2026-09-07T12:25:00+00:00,2026-09-07T12:35:00+00:00,2026-09-07T12:25:00+00:00,2026-09-07T12:35:00+00:00,0
PATH-12020-8,TRN-020,12020,SEC-NDLS-AGC-01,160.0,180.0,2026-09-07T12:40:00+00:00,2026-09-07T12:50:00+00:00,2026-09-07T12:40:00+00:00,2026-09-07T12:50:00+00:00,0
PATH-12020-9,TRN-020,12020,SEC-NDLS-AGC-01,180.0,200.0,2026-09-07T12:55:00+00:00,2026-09-07T13:05:00+00:00,2026-09-07T12:55:00+00:00,2026-09-07T13:05:00+00:00,0
PATH-12021-0,TRN-021,12021,SEC-NDLS-AGC-01,0.0,20.0,2026-09-07T14:34:00+00:00,2026-09-07T14:44:00+00:00,2026-09-07T14:34:00+00:00,2026-09-07T14:44:00+00:00,0
PATH-12021-1,TRN-021,12021,SEC-NDLS-AGC-01,20.0,40.0,2026-09-07T14:49:00+00:00,2026-09-07T14:59:00+00:00,2026-09-07T14:49:00+00:00,2026-09-07T14:59:00+00:00,0
PATH-12021-2,TRN-021,12021,SEC-NDLS-AGC-01,40.0,60.0,2026-09-07T15:04:00+00:00,2026-09-07T15:14:00+00:00,2026-09-07T15:04:00+00:00,2026-09-07T15:14:00+00:00,0
PATH-12021-3,TRN-021,12021,SEC-NDLS-AGC-01,60.0,80.0,2026-09-07T15:19:00+00:00,2026-09-07T15:29:00+00:00,2026-09-07T15:19:00+00:00,2026-09-07T15:29:00+00:00,0
PATH-12021-4,TRN-021,12021,SEC-NDLS-AGC-01,80.0,100.0,2026-09-07T15:34:00+00:00,2026-09-07T15:44:00+00:00,2026-09-07T15:34:00+00:00,2026-09-07T15:44:00+00:00,0
PATH-12021-5,TRN-021,12021,SEC-NDLS-AGC-01,100.0,120.0,2026-09-07T15:49:00+00:00,2026-09-07T15:59:00+00:00,2026-09-07T15:49:00+00:00,2026-09-07T15:59:00+00:00,0
PATH-12021-6,TRN-021,12021,SEC-NDLS-AGC-01,120.0,140.0,2026-09-07T16:04:00+00:00,2026-09-07T16:14:00+00:00,2026-09-07T16:04:00+00:00,2026-09-07T16:14:00+00:00,0
PATH-12021-7,TRN-021,12021,SEC-NDLS-AGC-01,140.0,160.0,2026-09-07T16:19:00+00:00,2026-09-07T16:29:00+00:00,2026-09-07T16:19:00+00:00,2026-09-07T16:29:00+00:00,0
PATH-12021-8,TRN-021,12021,SEC-NDLS-AGC-01,160.0,180.0,2026-09-07T16:34:00+00:00,2026-09-07T16:44:00+00:00,2026-09-07T16:34:00+00:00,2026-09-07T16:44:00+00:00,0
PATH-12021-9,TRN-021,12021,SEC-NDLS-AGC-01,180.0,200.0,2026-09-07T16:49:00+00:00,2026-09-07T16:59:00+00:00,2026-09-07T16:49:00+00:00,2026-09-07T16:59:00+00:00,0
PATH-12022-0,TRN-022,12022,SEC-NDLS-AGC-01,0.0,20.0,2026-09-07T10:40:00+00:00,2026-09-07T10:50:00+00:00,2026-09-07T10:40:00+00:00,2026-09-07T10:50:00+00:00,0
PATH-12022-1,TRN-022,12022,SEC-NDLS-AGC-01,20.0,40.0,2026-09-07T10:55:00+00:00,2026-09-07T11:05:00+00:00,2026-09-07T10:55:00+00:00,2026-09-07T11:05:00+00:00,0
PATH-12022-2,TRN-022,12022,SEC-NDLS-AGC-01,40.0,60.0,2026-09-07T11:10:00+00:00,2026-09-07T11:20:00+00:00,2026-09-07T11:10:00+00:00,2026-09-07T11:20:00+00:00,0
PATH-12022-3,TRN-022,12022,SEC-NDLS-AGC-01,60.0,80.0,2026-09-07T11:25:00+00:00,2026-09-07T11:35:00+00:00,2026-09-07T11:25:00+00:00,2026-09-07T11:35:00+00:00,0
PATH-12022-4,TRN-022,12022,SEC-NDLS-AGC-01,80.0,100.0,2026-09-07T11:40:00+00:00,2026-09-07T11:50:00+00:00,2026-09-07T11:40:00+00:00,2026-09-07T11:50:00+00:00,0
PATH-12022-5,TRN-022,12022,SEC-NDLS-AGC-01,100.0,120.0,2026-09-07T11:55:00+00:00,2026-09-07T12:05:00+00:00,2026-09-07T11:55:00+00:00,2026-09-07T12:05:00+00:00,0
PATH-12022-6,TRN-022,12022,SEC-NDLS-AGC-01,120.0,140.0,2026-09-07T12:10:00+00:00,2026-09-07T12:20:00+00:00,2026-09-07T12:10:00+00:00,2026-09-07T12:20:00+00:00,0
PATH-12022-7,TRN-022,12022,SEC-NDLS-AGC-01,140.0,160.0,2026-09-07T12:25:00+00:00,2026-09-07T12:35:00+00:00,2026-09-07T12:25:00+00:00,2026-09-07T12:35:00+00:00,0
PATH-12022-8,TRN-022,12022,SEC-NDLS-AGC-01,160.0,180.0,2026-09-07T12:40:00+00:00,2026-09-07T12:50:00+00:00,2026-09-07T12:40:00+00:00,2026-09-07T12:50:00+00:00,0
PATH-12022-9,TRN-022,12022,SEC-NDLS-AGC-01,180.0,200.0,2026-09-07T12:55:00+00:00,2026-09-07T13:05:00+00:00,2026-09-07T12:55:00+00:00,2026-09-07T13:05:00+00:00,0
PATH-12023-0,TRN-023,12023,SEC-NDLS-AGC-01,0.0,20.0,2026-09-07T08:42:00+00:00,2026-09-07T08:52:00+00:00,2026-09-07T08:42:00+00:00,2026-09-07T08:52:00+00:00,0
PATH-12023-1,TRN-023,12023,SEC-NDLS-AGC-01,20.0,40.0,2026-09-07T08:57:00+00:00,2026-09-07T09:07:00+00:00,2026-09-07T08:57:00+00:00,2026-09-07T09:07:00+00:00,0
PATH-12023-2,TRN-023,12023,SEC-NDLS-AGC-01,40.0,60.0,2026-09-07T09:12:00+00:00,2026-09-07T09:22:00+00:00,2026-09-07T09:12:00+00:00,2026-09-07T09:22:00+00:00,0
PATH-12023-3,TRN-023,12023,SEC-NDLS-AGC-01,60.0,80.0,2026-09-07T09:27:00+00:00,2026-09-07T09:37:00+00:00,2026-09-07T09:27:00+00:00,2026-09-07T09:37:00+00:00,0
PATH-12023-4,TRN-023,12023,SEC-NDLS-AGC-01,80.0,100.0,2026-09-07T09:42:00+00:00,2026-09-07T09:52:00+00:00,2026-09-07T09:42:00+00:00,2026-09-07T09:52:00+00:00,0
PATH-12023-5,TRN-023,12023,SEC-NDLS-AGC-01,100.0,120.0,2026-09-07T09:57:00+00:00,2026-09-07T10:07:00+00:00,2026-09-07T09:57:00+00:00,2026-09-07T10:07:00+00:00,0
PATH-12023-6,TRN-023,12023,SEC-NDLS-AGC-01,120.0,140.0,2026-09-07T10:12:00+00:00,2026-09-07T10:22:00+00:00,2026-09-07T10:12:00+00:00,2026-09-07T10:22:00+00:00,0
PATH-12023-7,TRN-023,12023,SEC-NDLS-AGC-01,140.0,160.0,2026-09-07T10:27:00+00:00,2026-09-07T10:37:00+00:00,2026-09-07T10:27:00+00:00,2026-09-07T10:37:00+00:00,0
PATH-12023-8,TRN-023,12023,SEC-NDLS-AGC-01,160.0,180.0,2026-09-07T10:42:00+00:00,2026-09-07T10:52:00+00:00,2026-09-07T10:42:00+00:00,2026-09-07T10:52:00+00:00,0
PATH-12023-9,TRN-023,12023,SEC-NDLS-AGC-01,180.0,200.0,2026-09-07T10:57:00+00:00,2026-09-07T11:07:00+00:00,2026-09-07T10:57:00+00:00,2026-09-07T11:07:00+00:00,0
PATH-12024-0,TRN-024,12024,SEC-NDLS-AGC-01,0.0,20.0,2026-09-07T12:46:00+00:00,2026-09-07T12:56:00+00:00,2026-09-07T12:46:00+00:00,2026-09-07T12:56:00+00:00,19
PATH-12024-1,TRN-024,12024,SEC-NDLS-AGC-01,20.0,40.0,2026-09-07T13:01:00+00:00,2026-09-07T13:11:00+00:00,2026-09-07T13:01:00+00:00,2026-09-07T13:11:00+00:00,40
PATH-12024-2,TRN-024,12024,SEC-NDLS-AGC-01,40.0,60.0,2026-09-07T13:16:00+00:00,2026-09-07T13:26:00+00:00,2026-09-07T13:16:00+00:00,2026-09-07T13:26:00+00:00,14
PATH-12024-3,TRN-024,12024,SEC-NDLS-AGC-01,60.0,80.0,2026-09-07T13:31:00+00:00,2026-09-07T13:41:00+00:00,2026-09-07T13:31:00+00:00,2026-09-07T13:41:00+00:00,15
PATH-12024-4,TRN-024,12024,SEC-NDLS-AGC-01,80.0,100.0,2026-09-07T13:46:00+00:00,2026-09-07T13:56:00+00:00,2026-09-07T13:46:00+00:00,2026-09-07T13:56:00+00:00,15
PATH-12024-5,TRN-024,12024,SEC-NDLS-AGC-01,100.0,120.0,2026-09-07T14:01:00+00:00,2026-09-07T14:11:00+00:00,2026-09-07T14:01:00+00:00,2026-09-07T14:11:00+00:00,15
PATH-12024-6,TRN-024,12024,SEC-NDLS-AGC-01,120.0,140.0,2026-09-07T14:16:00+00:00,2026-09-07T14:26:00+00:00,2026-09-07T14:16:00+00:00,2026-09-07T14:26:00+00:00,37
PATH-12024-7,TRN-024,12024,SEC-NDLS-AGC-01,140.0,160.0,2026-09-07T14:31:00+00:00,2026-09-07T14:41:00+00:00,2026-09-07T14:31:00+00:00,2026-09-07T14:41:00+00:00,16
PATH-12024-8,TRN-024,12024,SEC-NDLS-AGC-01,160.0,180.0,2026-09-07T14:46:00+00:00,2026-09-07T14:56:00+00:00,2026-09-07T14:46:00+00:00,2026-09-07T14:56:00+00:00,33
PATH-12024-9,TRN-024,12024,SEC-NDLS-AGC-01,180.0,200.0,2026-09-07T15:01:00+00:00,2026-09-07T15:11:00+00:00,2026-09-07T15:01:00+00:00,2026-09-07T15:11:00+00:00,18
PATH-12025-0,TRN-025,12025,SEC-NDLS-AGC-01,0.0,20.0,2026-09-07T18:59:00+00:00,2026-09-07T19:09:00+00:00,2026-09-07T18:59:00+00:00,2026-09-07T19:09:00+00:00,0
PATH-12025-1,TRN-025,12025,SEC-NDLS-AGC-01,20.0,40.0,2026-09-07T19:14:00+00:00,2026-09-07T19:24:00+00:00,2026-09-07T19:14:00+00:00,2026-09-07T19:24:00+00:00,0
PATH-12025-2,TRN-025,12025,SEC-NDLS-AGC-01,40.0,60.0,2026-09-07T19:29:00+00:00,2026-09-07T19:39:00+00:00,2026-09-07T19:29:00+00:00,2026-09-07T19:39:00+00:00,0
PATH-12025-3,TRN-025,12025,SEC-NDLS-AGC-01,60.0,80.0,2026-09-07T19:44:00+00:00,2026-09-07T19:54:00+00:00,2026-09-07T19:44:00+00:00,2026-09-07T19:54:00+00:00,0
PATH-12025-4,TRN-025,12025,SEC-NDLS-AGC-01,80.0,100.0,2026-09-07T19:59:00+00:00,2026-09-07T20:09:00+00:00,2026-09-07T19:59:00+00:00,2026-09-07T20:09:00+00:00,0
PATH-12025-5,TRN-025,12025,SEC-NDLS-AGC-01,100.0,120.0,2026-09-07T20:14:00+00:00,2026-09-07T20:24:00+00:00,2026-09-07T20:14:00+00:00,2026-09-07T20:24:00+00:00,0
PATH-12025-6,TRN-025,12025,SEC-NDLS-AGC-01,120.0,140.0,2026-09-07T20:29:00+00:00,2026-09-07T20:39:00+00:00,2026-09-07T20:29:00+00:00,2026-09-07T20:39:00+00:00,0
PATH-12025-7,TRN-025,12025,SEC-NDLS-AGC-01,140.0,160.0,2026-09-07T20:44:00+00:00,2026-09-07T20:54:00+00:00,2026-09-07T20:44:00+00:00,2026-09-07T20:54:00+00:00,0
PATH-12025-8,TRN-025,12025,SEC-NDLS-AGC-01,160.0,180.0,2026-09-07T20:59:00+00:00,2026-09-07T21:09:00+00:00,2026-09-07T20:59:00+00:00,2026-09-07T21:09:00+00:00,0
PATH-12025-9,TRN-025,12025,SEC-NDLS-AGC-01,180.0,200.0,2026-09-07T21:14:00+00:00,2026-09-07T21:24:00+00:00,2026-09-07T21:14:00+00:00,2026-09-07T21:24:00+00:00,0
PATH-12026-0,TRN-026,12026,SEC-NDLS-AGC-01,0.0,20.0,2026-09-07T02:02:00+00:00,2026-09-07T02:12:00+00:00,2026-09-07T02:02:00+00:00,2026-09-07T02:12:00+00:00,0
PATH-12026-1,TRN-026,12026,SEC-NDLS-AGC-01,20.0,40.0,2026-09-07T02:17:00+00:00,2026-09-07T02:27:00+00:00,2026-09-07T02:17:00+00:00,2026-09-07T02:27:00+00:00,0
PATH-12026-2,TRN-026,12026,SEC-NDLS-AGC-01,40.0,60.0,2026-09-07T02:32:00+00:00,2026-09-07T02:42:00+00:00,2026-09-07T02:32:00+00:00,2026-09-07T02:42:00+00:00,0
PATH-12026-3,TRN-026,12026,SEC-NDLS-AGC-01,60.0,80.0,2026-09-07T02:47:00+00:00,2026-09-07T02:57:00+00:00,2026-09-07T02:47:00+00:00,2026-09-07T02:57:00+00:00,0
PATH-12026-4,TRN-026,12026,SEC-NDLS-AGC-01,80.0,100.0,2026-09-07T03:02:00+00:00,2026-09-07T03:12:00+00:00,2026-09-07T03:02:00+00:00,2026-09-07T03:12:00+00:00,0
PATH-12026-5,TRN-026,12026,SEC-NDLS-AGC-01,100.0,120.0,2026-09-07T03:17:00+00:00,2026-09-07T03:27:00+00:00,2026-09-07T03:17:00+00:00,2026-09-07T03:27:00+00:00,0
PATH-12026-6,TRN-026,12026,SEC-NDLS-AGC-01,120.0,140.0,2026-09-07T03:32:00+00:00,2026-09-07T03:42:00+00:00,2026-09-07T03:32:00+00:00,2026-09-07T03:42:00+00:00,0
PATH-12026-7,TRN-026,12026,SEC-NDLS-AGC-01,140.0,160.0,2026-09-07T03:47:00+00:00,2026-09-07T03:57:00+00:00,2026-09-07T03:47:00+00:00,2026-09-07T03:57:00+00:00,0
PATH-12026-8,TRN-026,12026,SEC-NDLS-AGC-01,160.0,180.0,2026-09-07T04:02:00+00:00,2026-09-07T04:12:00+00:00,2026-09-07T04:02:00+00:00,2026-09-07T04:12:00+00:00,0
PATH-12026-9,TRN-026,12026,SEC-NDLS-AGC-01,180.0,200.0,2026-09-07T04:17:00+00:00,2026-09-07T04:27:00+00:00,2026-09-07T04:17:00+00:00,2026-09-07T04:27:00+00:00,0
PATH-12027-0,TRN-027,12027,SEC-NDLS-AGC-01,0.0,20.0,2026-09-07T19:10:00+00:00,2026-09-07T19:20:00+00:00,2026-09-07T19:10:00+00:00,2026-09-07T19:20:00+00:00,0
PATH-12027-1,TRN-027,12027,SEC-NDLS-AGC-01,20.0,40.0,2026-09-07T19:25:00+00:00,2026-09-07T19:35:00+00:00,2026-09-07T19:25:00+00:00,2026-09-07T19:35:00+00:00,0
PATH-12027-2,TRN-027,12027,SEC-NDLS-AGC-01,40.0,60.0,2026-09-07T19:40:00+00:00,2026-09-07T19:50:00+00:00,2026-09-07T19:40:00+00:00,2026-09-07T19:50:00+00:00,0
PATH-12027-3,TRN-027,12027,SEC-NDLS-AGC-01,60.0,80.0,2026-09-07T19:55:00+00:00,2026-09-07T20:05:00+00:00,2026-09-07T19:55:00+00:00,2026-09-07T20:05:00+00:00,0
PATH-12027-4,TRN-027,12027,SEC-NDLS-AGC-01,80.0,100.0,2026-09-07T20:10:00+00:00,2026-09-07T20:20:00+00:00,2026-09-07T20:10:00+00:00,2026-09-07T20:20:00+00:00,0
PATH-12027-5,TRN-027,12027,SEC-NDLS-AGC-01,100.0,120.0,2026-09-07T20:25:00+00:00,2026-09-07T20:35:00+00:00,2026-09-07T20:25:00+00:00,2026-09-07T20:35:00+00:00,0
PATH-12027-6,TRN-027,12027,SEC-NDLS-AGC-01,120.0,140.0,2026-09-07T20:40:00+00:00,2026-09-07T20:50:00+00:00,2026-09-07T20:40:00+00:00,2026-09-07T20:50:00+00:00,0
PATH-12027-7,TRN-027,12027,SEC-NDLS-AGC-01,140.0,160.0,2026-09-07T20:55:00+00:00,2026-09-07T21:05:00+00:00,2026-09-07T20:55:00+00:00,2026-09-07T21:05:00+00:00,0
PATH-12027-8,TRN-027,12027,SEC-NDLS-AGC-01,160.0,180.0,2026-09-07T21:10:00+00:00,2026-09-07T21:20:00+00:00,2026-09-07T21:10:00+00:00,2026-09-07T21:20:00+00:00,0
PATH-12027-9,TRN-027,12027,SEC-NDLS-AGC-01,180.0,200.0,2026-09-07T21:25:00+00:00,2026-09-07T21:35:00+00:00,2026-09-07T21:25:00+00:00,2026-09-07T21:35:00+00:00,0
PATH-12028-0,TRN-028,12028,SEC-NDLS-AGC-01,0.0,20.0,2026-09-07T19:10:00+00:00,2026-09-07T19:20:00+00:00,2026-09-07T19:10:00+00:00,2026-09-07T19:20:00+00:00,0
PATH-12028-1,TRN-028,12028,SEC-NDLS-AGC-01,20.0,40.0,2026-09-07T19:25:00+00:00,2026-09-07T19:35:00+00:00,2026-09-07T19:25:00+00:00,2026-09-07T19:35:00+00:00,0
PATH-12028-2,TRN-028,12028,SEC-NDLS-AGC-01,40.0,60.0,2026-09-07T19:40:00+00:00,2026-09-07T19:50:00+00:00,2026-09-07T19:40:00+00:00,2026-09-07T19:50:00+00:00,0
PATH-12028-3,TRN-028,12028,SEC-NDLS-AGC-01,60.0,80.0,2026-09-07T19:55:00+00:00,2026-09-07T20:05:00+00:00,2026-09-07T19:55:00+00:00,2026-09-07T20:05:00+00:00,0
PATH-12028-4,TRN-028,12028,SEC-NDLS-AGC-01,80.0,100.0,2026-09-07T20:10:00+00:00,2026-09-07T20:20:00+00:00,2026-09-07T20:10:00+00:00,2026-09-07T20:20:00+00:00,0
PATH-12028-5,TRN-028,12028,SEC-NDLS-AGC-01,100.0,120.0,2026-09-07T20:25:00+00:00,2026-09-07T20:35:00+00:00,2026-09-07T20:25:00+00:00,2026-09-07T20:35:00+00:00,0
PATH-12028-6,TRN-028,12028,SEC-NDLS-AGC-01,120.0,140.0,2026-09-07T20:40:00+00:00,2026-09-07T20:50:00+00:00,2026-09-07T20:40:00+00:00,2026-09-07T20:50:00+00:00,0
PATH-12028-7,TRN-028,12028,SEC-NDLS-AGC-01,140.0,160.0,2026-09-07T20:55:00+00:00,2026-09-07T21:05:00+00:00,2026-09-07T20:55:00+00:00,2026-09-07T21:05:00+00:00,0
PATH-12028-8,TRN-028,12028,SEC-NDLS-AGC-01,160.0,180.0,2026-09-07T21:10:00+00:00,2026-09-07T21:20:00+00:00,2026-09-07T21:10:00+00:00,2026-09-07T21:20:00+00:00,0
PATH-12028-9,TRN-028,12028,SEC-NDLS-AGC-01,180.0,200.0,2026-09-07T21:25:00+00:00,2026-09-07T21:35:00+00:00,2026-09-07T21:25:00+00:00,2026-09-07T21:35:00+00:00,0
PATH-12029-0,TRN-029,12029,SEC-NDLS-AGC-01,0.0,20.0,2026-09-07T11:15:00+00:00,2026-09-07T11:25:00+00:00,2026-09-07T11:15:00+00:00,2026-09-07T11:25:00+00:00,0
PATH-12029-1,TRN-029,12029,SEC-NDLS-AGC-01,20.0,40.0,2026-09-07T11:30:00+00:00,2026-09-07T11:40:00+00:00,2026-09-07T11:30:00+00:00,2026-09-07T11:40:00+00:00,0
PATH-12029-2,TRN-029,12029,SEC-NDLS-AGC-01,40.0,60.0,2026-09-07T11:45:00+00:00,2026-09-07T11:55:00+00:00,2026-09-07T11:45:00+00:00,2026-09-07T11:55:00+00:00,0
PATH-12029-3,TRN-029,12029,SEC-NDLS-AGC-01,60.0,80.0,2026-09-07T12:00:00+00:00,2026-09-07T12:10:00+00:00,2026-09-07T12:00:00+00:00,2026-09-07T12:10:00+00:00,0
PATH-12029-4,TRN-029,12029,SEC-NDLS-AGC-01,80.0,100.0,2026-09-07T12:15:00+00:00,2026-09-07T12:25:00+00:00,2026-09-07T12:15:00+00:00,2026-09-07T12:25:00+00:00,0
PATH-12029-5,TRN-029,12029,SEC-NDLS-AGC-01,100.0,120.0,2026-09-07T12:30:00+00:00,2026-09-07T12:40:00+00:00,2026-09-07T12:30:00+00:00,2026-09-07T12:40:00+00:00,0
PATH-12029-6,TRN-029,12029,SEC-NDLS-AGC-01,120.0,140.0,2026-09-07T12:45:00+00:00,2026-09-07T12:55:00+00:00,2026-09-07T12:45:00+00:00,2026-09-07T12:55:00+00:00,0
PATH-12029-7,TRN-029,12029,SEC-NDLS-AGC-01,140.0,160.0,2026-09-07T13:00:00+00:00,2026-09-07T13:10:00+00:00,2026-09-07T13:00:00+00:00,2026-09-07T13:10:00+00:00,0
PATH-12029-8,TRN-029,12029,SEC-NDLS-AGC-01,160.0,180.0,2026-09-07T13:15:00+00:00,2026-09-07T13:25:00+00:00,2026-09-07T13:15:00+00:00,2026-09-07T13:25:00+00:00,0
PATH-12029-9,TRN-029,12029,SEC-NDLS-AGC-01,180.0,200.0,2026-09-07T13:30:00+00:00,2026-09-07T13:40:00+00:00,2026-09-07T13:30:00+00:00,2026-09-07T13:40:00+00:00,0
PATH-12030-0,TRN-030,12030,SEC-NDLS-AGC-01,0.0,20.0,2026-09-07T04:10:00+00:00,2026-09-07T04:20:00+00:00,2026-09-07T04:10:00+00:00,2026-09-07T04:20:00+00:00,36
PATH-12030-1,TRN-030,12030,SEC-NDLS-AGC-01,20.0,40.0,2026-09-07T04:25:00+00:00,2026-09-07T04:35:00+00:00,2026-09-07T04:25:00+00:00,2026-09-07T04:35:00+00:00,32
PATH-12030-2,TRN-030,12030,SEC-NDLS-AGC-01,40.0,60.0,2026-09-07T04:40:00+00:00,2026-09-07T04:50:00+00:00,2026-09-07T04:40:00+00:00,2026-09-07T04:50:00+00:00,37
PATH-12030-3,TRN-030,12030,SEC-NDLS-AGC-01,60.0,80.0,2026-09-07T04:55:00+00:00,2026-09-07T05:05:00+00:00,2026-09-07T04:55:00+00:00,2026-09-07T05:05:00+00:00,13
PATH-12030-4,TRN-030,12030,SEC-NDLS-AGC-01,80.0,100.0,2026-09-07T05:10:00+00:00,2026-09-07T05:20:00+00:00,2026-09-07T05:10:00+00:00,2026-09-07T05:20:00+00:00,28
PATH-12030-5,TRN-030,12030,SEC-NDLS-AGC-01,100.0,120.0,2026-09-07T05:25:00+00:00,2026-09-07T05:35:00+00:00,2026-09-07T05:25:00+00:00,2026-09-07T05:35:00+00:00,29
PATH-12030-6,TRN-030,12030,SEC-NDLS-AGC-01,120.0,140.0,2026-09-07T05:40:00+00:00,2026-09-07T05:50:00+00:00,2026-09-07T05:40:00+00:00,2026-09-07T05:50:00+00:00,32
PATH-12030-7,TRN-030,12030,SEC-NDLS-AGC-01,140.0,160.0,2026-09-07T05:55:00+00:00,2026-09-07T06:05:00+00:00,2026-09-07T05:55:00+00:00,2026-09-07T06:05:00+00:00,16
PATH-12030-8,TRN-030,12030,SEC-NDLS-AGC-01,160.0,180.0,2026-09-07T06:10:00+00:00,2026-09-07T06:20:00+00:00,2026-09-07T06:10:00+00:00,2026-09-07T06:20:00+00:00,42
PATH-12030-9,TRN-030,12030,SEC-NDLS-AGC-01,180.0,200.0,2026-09-07T06:25:00+00:00,2026-09-07T06:35:00+00:00,2026-09-07T06:25:00+00:00,2026-09-07T06:35:00+00:00,23
PATH-12031-0,TRN-031,12031,SEC-NDLS-AGC-01,0.0,20.0,2026-09-07T05:16:00+00:00,2026-09-07T05:26:00+00:00,2026-09-07T05:16:00+00:00,2026-09-07T05:26:00+00:00,0
PATH-12031-1,TRN-031,12031,SEC-NDLS-AGC-01,20.0,40.0,2026-09-07T05:31:00+00:00,2026-09-07T05:41:00+00:00,2026-09-07T05:31:00+00:00,2026-09-07T05:41:00+00:00,0
PATH-12031-2,TRN-031,12031,SEC-NDLS-AGC-01,40.0,60.0,2026-09-07T05:46:00+00:00,2026-09-07T05:56:00+00:00,2026-09-07T05:46:00+00:00,2026-09-07T05:56:00+00:00,0
PATH-12031-3,TRN-031,12031,SEC-NDLS-AGC-01,60.0,80.0,2026-09-07T06:01:00+00:00,2026-09-07T06:11:00+00:00,2026-09-07T06:01:00+00:00,2026-09-07T06:11:00+00:00,0
PATH-12031-4,TRN-031,12031,SEC-NDLS-AGC-01,80.0,100.0,2026-09-07T06:16:00+00:00,2026-09-07T06:26:00+00:00,2026-09-07T06:16:00+00:00,2026-09-07T06:26:00+00:00,0
PATH-12031-5,TRN-031,12031,SEC-NDLS-AGC-01,100.0,120.0,2026-09-07T06:31:00+00:00,2026-09-07T06:41:00+00:00,2026-09-07T06:31:00+00:00,2026-09-07T06:41:00+00:00,0
PATH-12031-6,TRN-031,12031,SEC-NDLS-AGC-01,120.0,140.0,2026-09-07T06:46:00+00:00,2026-09-07T06:56:00+00:00,2026-09-07T06:46:00+00:00,2026-09-07T06:56:00+00:00,0
PATH-12031-7,TRN-031,12031,SEC-NDLS-AGC-01,140.0,160.0,2026-09-07T07:01:00+00:00,2026-09-07T07:11:00+00:00,2026-09-07T07:01:00+00:00,2026-09-07T07:11:00+00:00,0
PATH-12031-8,TRN-031,12031,SEC-NDLS-AGC-01,160.0,180.0,2026-09-07T07:16:00+00:00,2026-09-07T07:26:00+00:00,2026-09-07T07:16:00+00:00,2026-09-07T07:26:00+00:00,0
PATH-12031-9,TRN-031,12031,SEC-NDLS-AGC-01,180.0,200.0,2026-09-07T07:31:00+00:00,2026-09-07T07:41:00+00:00,2026-09-07T07:31:00+00:00,2026-09-07T07:41:00+00:00,0
PATH-12032-0,TRN-032,12032,SEC-NDLS-AGC-01,0.0,20.0,2026-09-07T16:27:00+00:00,2026-09-07T16:37:00+00:00,2026-09-07T16:27:00+00:00,2026-09-07T16:37:00+00:00,0
PATH-12032-1,TRN-032,12032,SEC-NDLS-AGC-01,20.0,40.0,2026-09-07T16:42:00+00:00,2026-09-07T16:52:00+00:00,2026-09-07T16:42:00+00:00,2026-09-07T16:52:00+00:00,0
PATH-12032-2,TRN-032,12032,SEC-NDLS-AGC-01,40.0,60.0,2026-09-07T16:57:00+00:00,2026-09-07T17:07:00+00:00,2026-09-07T16:57:00+00:00,2026-09-07T17:07:00+00:00,0
PATH-12032-3,TRN-032,12032,SEC-NDLS-AGC-01,60.0,80.0,2026-09-07T17:12:00+00:00,2026-09-07T17:22:00+00:00,2026-09-07T17:12:00+00:00,2026-09-07T17:22:00+00:00,0
PATH-12032-4,TRN-032,12032,SEC-NDLS-AGC-01,80.0,100.0,2026-09-07T17:27:00+00:00,2026-09-07T17:37:00+00:00,2026-09-07T17:27:00+00:00,2026-09-07T17:37:00+00:00,0
PATH-12032-5,TRN-032,12032,SEC-NDLS-AGC-01,100.0,120.0,2026-09-07T17:42:00+00:00,2026-09-07T17:52:00+00:00,2026-09-07T17:42:00+00:00,2026-09-07T17:52:00+00:00,0
PATH-12032-6,TRN-032,12032,SEC-NDLS-AGC-01,120.0,140.0,2026-09-07T17:57:00+00:00,2026-09-07T18:07:00+00:00,2026-09-07T17:57:00+00:00,2026-09-07T18:07:00+00:00,0
PATH-12032-7,TRN-032,12032,SEC-NDLS-AGC-01,140.0,160.0,2026-09-07T18:12:00+00:00,2026-09-07T18:22:00+00:00,2026-09-07T18:12:00+00:00,2026-09-07T18:22:00+00:00,0
PATH-12032-8,TRN-032,12032,SEC-NDLS-AGC-01,160.0,180.0,2026-09-07T18:27:00+00:00,2026-09-07T18:37:00+00:00,2026-09-07T18:27:00+00:00,2026-09-07T18:37:00+00:00,0
PATH-12032-9,TRN-032,12032,SEC-NDLS-AGC-01,180.0,200.0,2026-09-07T18:42:00+00:00,2026-09-07T18:52:00+00:00,2026-09-07T18:42:00+00:00,2026-09-07T18:52:00+00:00,0
PATH-12033-0,TRN-033,12033,SEC-NDLS-AGC-01,0.0,20.0,2026-09-07T07:39:00+00:00,2026-09-07T07:49:00+00:00,2026-09-07T07:39:00+00:00,2026-09-07T07:49:00+00:00,0
PATH-12033-1,TRN-033,12033,SEC-NDLS-AGC-01,20.0,40.0,2026-09-07T07:54:00+00:00,2026-09-07T08:04:00+00:00,2026-09-07T07:54:00+00:00,2026-09-07T08:04:00+00:00,0
PATH-12033-2,TRN-033,12033,SEC-NDLS-AGC-01,40.0,60.0,2026-09-07T08:09:00+00:00,2026-09-07T08:19:00+00:00,2026-09-07T08:09:00+00:00,2026-09-07T08:19:00+00:00,0
PATH-12033-3,TRN-033,12033,SEC-NDLS-AGC-01,60.0,80.0,2026-09-07T08:24:00+00:00,2026-09-07T08:34:00+00:00,2026-09-07T08:24:00+00:00,2026-09-07T08:34:00+00:00,0
PATH-12033-4,TRN-033,12033,SEC-NDLS-AGC-01,80.0,100.0,2026-09-07T08:39:00+00:00,2026-09-07T08:49:00+00:00,2026-09-07T08:39:00+00:00,2026-09-07T08:49:00+00:00,0
PATH-12033-5,TRN-033,12033,SEC-NDLS-AGC-01,100.0,120.0,2026-09-07T08:54:00+00:00,2026-09-07T09:04:00+00:00,2026-09-07T08:54:00+00:00,2026-09-07T09:04:00+00:00,0
PATH-12033-6,TRN-033,12033,SEC-NDLS-AGC-01,120.0,140.0,2026-09-07T09:09:00+00:00,2026-09-07T09:19:00+00:00,2026-09-07T09:09:00+00:00,2026-09-07T09:19:00+00:00,0
PATH-12033-7,TRN-033,12033,SEC-NDLS-AGC-01,140.0,160.0,2026-09-07T09:24:00+00:00,2026-09-07T09:34:00+00:00,2026-09-07T09:24:00+00:00,2026-09-07T09:34:00+00:00,0
PATH-12033-8,TRN-033,12033,SEC-NDLS-AGC-01,160.0,180.0,2026-09-07T09:39:00+00:00,2026-09-07T09:49:00+00:00,2026-09-07T09:39:00+00:00,2026-09-07T09:49:00+00:00,0
PATH-12033-9,TRN-033,12033,SEC-NDLS-AGC-01,180.0,200.0,2026-09-07T09:54:00+00:00,2026-09-07T10:04:00+00:00,2026-09-07T09:54:00+00:00,2026-09-07T10:04:00+00:00,0
PATH-12034-0,TRN-034,12034,SEC-NDLS-AGC-01,0.0,20.0,2026-09-07T03:41:00+00:00,2026-09-07T03:51:00+00:00,2026-09-07T03:41:00+00:00,2026-09-07T03:51:00+00:00,0
PATH-12034-1,TRN-034,12034,SEC-NDLS-AGC-01,20.0,40.0,2026-09-07T03:56:00+00:00,2026-09-07T04:06:00+00:00,2026-09-07T03:56:00+00:00,2026-09-07T04:06:00+00:00,0
PATH-12034-2,TRN-034,12034,SEC-NDLS-AGC-01,40.0,60.0,2026-09-07T04:11:00+00:00,2026-09-07T04:21:00+00:00,2026-09-07T04:11:00+00:00,2026-09-07T04:21:00+00:00,0
PATH-12034-3,TRN-034,12034,SEC-NDLS-AGC-01,60.0,80.0,2026-09-07T04:26:00+00:00,2026-09-07T04:36:00+00:00,2026-09-07T04:26:00+00:00,2026-09-07T04:36:00+00:00,0
PATH-12034-4,TRN-034,12034,SEC-NDLS-AGC-01,80.0,100.0,2026-09-07T04:41:00+00:00,2026-09-07T04:51:00+00:00,2026-09-07T04:41:00+00:00,2026-09-07T04:51:00+00:00,0
PATH-12034-5,TRN-034,12034,SEC-NDLS-AGC-01,100.0,120.0,2026-09-07T04:56:00+00:00,2026-09-07T05:06:00+00:00,2026-09-07T04:56:00+00:00,2026-09-07T05:06:00+00:00,0
PATH-12034-6,TRN-034,12034,SEC-NDLS-AGC-01,120.0,140.0,2026-09-07T05:11:00+00:00,2026-09-07T05:21:00+00:00,2026-09-07T05:11:00+00:00,2026-09-07T05:21:00+00:00,0
PATH-12034-7,TRN-034,12034,SEC-NDLS-AGC-01,140.0,160.0,2026-09-07T05:26:00+00:00,2026-09-07T05:36:00+00:00,2026-09-07T05:26:00+00:00,2026-09-07T05:36:00+00:00,0
PATH-12034-8,TRN-034,12034,SEC-NDLS-AGC-01,160.0,180.0,2026-09-07T05:41:00+00:00,2026-09-07T05:51:00+00:00,2026-09-07T05:41:00+00:00,2026-09-07T05:51:00+00:00,0
PATH-12034-9,TRN-034,12034,SEC-NDLS-AGC-01,180.0,200.0,2026-09-07T05:56:00+00:00,2026-09-07T06:06:00+00:00,2026-09-07T05:56:00+00:00,2026-09-07T06:06:00+00:00,0
PATH-12035-0,TRN-035,12035,SEC-NDLS-AGC-01,0.0,20.0,2026-09-07T11:57:00+00:00,2026-09-07T12:07:00+00:00,2026-09-07T11:57:00+00:00,2026-09-07T12:07:00+00:00,0
PATH-12035-1,TRN-035,12035,SEC-NDLS-AGC-01,20.0,40.0,2026-09-07T12:12:00+00:00,2026-09-07T12:22:00+00:00,2026-09-07T12:12:00+00:00,2026-09-07T12:22:00+00:00,0
PATH-12035-2,TRN-035,12035,SEC-NDLS-AGC-01,40.0,60.0,2026-09-07T12:27:00+00:00,2026-09-07T12:37:00+00:00,2026-09-07T12:27:00+00:00,2026-09-07T12:37:00+00:00,0
PATH-12035-3,TRN-035,12035,SEC-NDLS-AGC-01,60.0,80.0,2026-09-07T12:42:00+00:00,2026-09-07T12:52:00+00:00,2026-09-07T12:42:00+00:00,2026-09-07T12:52:00+00:00,0
PATH-12035-4,TRN-035,12035,SEC-NDLS-AGC-01,80.0,100.0,2026-09-07T12:57:00+00:00,2026-09-07T13:07:00+00:00,2026-09-07T12:57:00+00:00,2026-09-07T13:07:00+00:00,0
PATH-12035-5,TRN-035,12035,SEC-NDLS-AGC-01,100.0,120.0,2026-09-07T13:12:00+00:00,2026-09-07T13:22:00+00:00,2026-09-07T13:12:00+00:00,2026-09-07T13:22:00+00:00,0
PATH-12035-6,TRN-035,12035,SEC-NDLS-AGC-01,120.0,140.0,2026-09-07T13:27:00+00:00,2026-09-07T13:37:00+00:00,2026-09-07T13:27:00+00:00,2026-09-07T13:37:00+00:00,0
PATH-12035-7,TRN-035,12035,SEC-NDLS-AGC-01,140.0,160.0,2026-09-07T13:42:00+00:00,2026-09-07T13:52:00+00:00,2026-09-07T13:42:00+00:00,2026-09-07T13:52:00+00:00,0
PATH-12035-8,TRN-035,12035,SEC-NDLS-AGC-01,160.0,180.0,2026-09-07T13:57:00+00:00,2026-09-07T14:07:00+00:00,2026-09-07T13:57:00+00:00,2026-09-07T14:07:00+00:00,0
PATH-12035-9,TRN-035,12035,SEC-NDLS-AGC-01,180.0,200.0,2026-09-07T14:12:00+00:00,2026-09-07T14:22:00+00:00,2026-09-07T14:12:00+00:00,2026-09-07T14:22:00+00:00,0
PATH-12036-0,TRN-036,12036,SEC-NDLS-AGC-01,0.0,20.0,2026-09-07T18:59:00+00:00,2026-09-07T19:09:00+00:00,2026-09-07T18:59:00+00:00,2026-09-07T19:09:00+00:00,33
PATH-12036-1,TRN-036,12036,SEC-NDLS-AGC-01,20.0,40.0,2026-09-07T19:14:00+00:00,2026-09-07T19:24:00+00:00,2026-09-07T19:14:00+00:00,2026-09-07T19:24:00+00:00,17
PATH-12036-2,TRN-036,12036,SEC-NDLS-AGC-01,40.0,60.0,2026-09-07T19:29:00+00:00,2026-09-07T19:39:00+00:00,2026-09-07T19:29:00+00:00,2026-09-07T19:39:00+00:00,27
PATH-12036-3,TRN-036,12036,SEC-NDLS-AGC-01,60.0,80.0,2026-09-07T19:44:00+00:00,2026-09-07T19:54:00+00:00,2026-09-07T19:44:00+00:00,2026-09-07T19:54:00+00:00,24
PATH-12036-4,TRN-036,12036,SEC-NDLS-AGC-01,80.0,100.0,2026-09-07T19:59:00+00:00,2026-09-07T20:09:00+00:00,2026-09-07T19:59:00+00:00,2026-09-07T20:09:00+00:00,37
PATH-12036-5,TRN-036,12036,SEC-NDLS-AGC-01,100.0,120.0,2026-09-07T20:14:00+00:00,2026-09-07T20:24:00+00:00,2026-09-07T20:14:00+00:00,2026-09-07T20:24:00+00:00,45
PATH-12036-6,TRN-036,12036,SEC-NDLS-AGC-01,120.0,140.0,2026-09-07T20:29:00+00:00,2026-09-07T20:39:00+00:00,2026-09-07T20:29:00+00:00,2026-09-07T20:39:00+00:00,45
PATH-12036-7,TRN-036,12036,SEC-NDLS-AGC-01,140.0,160.0,2026-09-07T20:44:00+00:00,2026-09-07T20:54:00+00:00,2026-09-07T20:44:00+00:00,2026-09-07T20:54:00+00:00,11
PATH-12036-8,TRN-036,12036,SEC-NDLS-AGC-01,160.0,180.0,2026-09-07T20:59:00+00:00,2026-09-07T21:09:00+00:00,2026-09-07T20:59:00+00:00,2026-09-07T21:09:00+00:00,27
PATH-12036-9,TRN-036,12036,SEC-NDLS-AGC-01,180.0,200.0,2026-09-07T21:14:00+00:00,2026-09-07T21:24:00+00:00,2026-09-07T21:14:00+00:00,2026-09-07T21:24:00+00:00,11
PATH-12037-0,TRN-037,12037,SEC-NDLS-AGC-01,0.0,20.0,2026-09-07T06:09:00+00:00,2026-09-07T06:19:00+00:00,2026-09-07T06:09:00+00:00,2026-09-07T06:19:00+00:00,0
PATH-12037-1,TRN-037,12037,SEC-NDLS-AGC-01,20.0,40.0,2026-09-07T06:24:00+00:00,2026-09-07T06:34:00+00:00,2026-09-07T06:24:00+00:00,2026-09-07T06:34:00+00:00,0
PATH-12037-2,TRN-037,12037,SEC-NDLS-AGC-01,40.0,60.0,2026-09-07T06:39:00+00:00,2026-09-07T06:49:00+00:00,2026-09-07T06:39:00+00:00,2026-09-07T06:49:00+00:00,0
PATH-12037-3,TRN-037,12037,SEC-NDLS-AGC-01,60.0,80.0,2026-09-07T06:54:00+00:00,2026-09-07T07:04:00+00:00,2026-09-07T06:54:00+00:00,2026-09-07T07:04:00+00:00,0
PATH-12037-4,TRN-037,12037,SEC-NDLS-AGC-01,80.0,100.0,2026-09-07T07:09:00+00:00,2026-09-07T07:19:00+00:00,2026-09-07T07:09:00+00:00,2026-09-07T07:19:00+00:00,0
PATH-12037-5,TRN-037,12037,SEC-NDLS-AGC-01,100.0,120.0,2026-09-07T07:24:00+00:00,2026-09-07T07:34:00+00:00,2026-09-07T07:24:00+00:00,2026-09-07T07:34:00+00:00,0
PATH-12037-6,TRN-037,12037,SEC-NDLS-AGC-01,120.0,140.0,2026-09-07T07:39:00+00:00,2026-09-07T07:49:00+00:00,2026-09-07T07:39:00+00:00,2026-09-07T07:49:00+00:00,0
PATH-12037-7,TRN-037,12037,SEC-NDLS-AGC-01,140.0,160.0,2026-09-07T07:54:00+00:00,2026-09-07T08:04:00+00:00,2026-09-07T07:54:00+00:00,2026-09-07T08:04:00+00:00,0
PATH-12037-8,TRN-037,12037,SEC-NDLS-AGC-01,160.0,180.0,2026-09-07T08:09:00+00:00,2026-09-07T08:19:00+00:00,2026-09-07T08:09:00+00:00,2026-09-07T08:19:00+00:00,0
PATH-12037-9,TRN-037,12037,SEC-NDLS-AGC-01,180.0,200.0,2026-09-07T08:24:00+00:00,2026-09-07T08:34:00+00:00,2026-09-07T08:24:00+00:00,2026-09-07T08:34:00+00:00,0
PATH-12038-0,TRN-038,12038,SEC-NDLS-AGC-01,0.0,20.0,2026-09-07T09:19:00+00:00,2026-09-07T09:29:00+00:00,2026-09-07T09:19:00+00:00,2026-09-07T09:29:00+00:00,0
PATH-12038-1,TRN-038,12038,SEC-NDLS-AGC-01,20.0,40.0,2026-09-07T09:34:00+00:00,2026-09-07T09:44:00+00:00,2026-09-07T09:34:00+00:00,2026-09-07T09:44:00+00:00,0
PATH-12038-2,TRN-038,12038,SEC-NDLS-AGC-01,40.0,60.0,2026-09-07T09:49:00+00:00,2026-09-07T09:59:00+00:00,2026-09-07T09:49:00+00:00,2026-09-07T09:59:00+00:00,0
PATH-12038-3,TRN-038,12038,SEC-NDLS-AGC-01,60.0,80.0,2026-09-07T10:04:00+00:00,2026-09-07T10:14:00+00:00,2026-09-07T10:04:00+00:00,2026-09-07T10:14:00+00:00,0
PATH-12038-4,TRN-038,12038,SEC-NDLS-AGC-01,80.0,100.0,2026-09-07T10:19:00+00:00,2026-09-07T10:29:00+00:00,2026-09-07T10:19:00+00:00,2026-09-07T10:29:00+00:00,0
PATH-12038-5,TRN-038,12038,SEC-NDLS-AGC-01,100.0,120.0,2026-09-07T10:34:00+00:00,2026-09-07T10:44:00+00:00,2026-09-07T10:34:00+00:00,2026-09-07T10:44:00+00:00,0
PATH-12038-6,TRN-038,12038,SEC-NDLS-AGC-01,120.0,140.0,2026-09-07T10:49:00+00:00,2026-09-07T10:59:00+00:00,2026-09-07T10:49:00+00:00,2026-09-07T10:59:00+00:00,0
PATH-12038-7,TRN-038,12038,SEC-NDLS-AGC-01,140.0,160.0,2026-09-07T11:04:00+00:00,2026-09-07T11:14:00+00:00,2026-09-07T11:04:00+00:00,2026-09-07T11:14:00+00:00,0
PATH-12038-8,TRN-038,12038,SEC-NDLS-AGC-01,160.0,180.0,2026-09-07T11:19:00+00:00,2026-09-07T11:29:00+00:00,2026-09-07T11:19:00+00:00,2026-09-07T11:29:00+00:00,0
PATH-12038-9,TRN-038,12038,SEC-NDLS-AGC-01,180.0,200.0,2026-09-07T11:34:00+00:00,2026-09-07T11:44:00+00:00,2026-09-07T11:34:00+00:00,2026-09-07T11:44:00+00:00,0
PATH-12039-0,TRN-039,12039,SEC-NDLS-AGC-01,0.0,20.0,2026-09-07T10:32:00+00:00,2026-09-07T10:42:00+00:00,2026-09-07T10:32:00+00:00,2026-09-07T10:42:00+00:00,0
PATH-12039-1,TRN-039,12039,SEC-NDLS-AGC-01,20.0,40.0,2026-09-07T10:47:00+00:00,2026-09-07T10:57:00+00:00,2026-09-07T10:47:00+00:00,2026-09-07T10:57:00+00:00,0
PATH-12039-2,TRN-039,12039,SEC-NDLS-AGC-01,40.0,60.0,2026-09-07T11:02:00+00:00,2026-09-07T11:12:00+00:00,2026-09-07T11:02:00+00:00,2026-09-07T11:12:00+00:00,0
PATH-12039-3,TRN-039,12039,SEC-NDLS-AGC-01,60.0,80.0,2026-09-07T11:17:00+00:00,2026-09-07T11:27:00+00:00,2026-09-07T11:17:00+00:00,2026-09-07T11:27:00+00:00,0
PATH-12039-4,TRN-039,12039,SEC-NDLS-AGC-01,80.0,100.0,2026-09-07T11:32:00+00:00,2026-09-07T11:42:00+00:00,2026-09-07T11:32:00+00:00,2026-09-07T11:42:00+00:00,0
PATH-12039-5,TRN-039,12039,SEC-NDLS-AGC-01,100.0,120.0,2026-09-07T11:47:00+00:00,2026-09-07T11:57:00+00:00,2026-09-07T11:47:00+00:00,2026-09-07T11:57:00+00:00,0
PATH-12039-6,TRN-039,12039,SEC-NDLS-AGC-01,120.0,140.0,2026-09-07T12:02:00+00:00,2026-09-07T12:12:00+00:00,2026-09-07T12:02:00+00:00,2026-09-07T12:12:00+00:00,0
PATH-12039-7,TRN-039,12039,SEC-NDLS-AGC-01,140.0,160.0,2026-09-07T12:17:00+00:00,2026-09-07T12:27:00+00:00,2026-09-07T12:17:00+00:00,2026-09-07T12:27:00+00:00,0
PATH-12039-8,TRN-039,12039,SEC-NDLS-AGC-01,160.0,180.0,2026-09-07T12:32:00+00:00,2026-09-07T12:42:00+00:00,2026-09-07T12:32:00+00:00,2026-09-07T12:42:00+00:00,0
PATH-12039-9,TRN-039,12039,SEC-NDLS-AGC-01,180.0,200.0,2026-09-07T12:47:00+00:00,2026-09-07T12:57:00+00:00,2026-09-07T12:47:00+00:00,2026-09-07T12:57:00+00:00,0
PATH-12040-0,TRN-040,12040,SEC-NDLS-AGC-01,0.0,20.0,2026-09-07T11:35:00+00:00,2026-09-07T11:45:00+00:00,2026-09-07T11:35:00+00:00,2026-09-07T11:45:00+00:00,0
PATH-12040-1,TRN-040,12040,SEC-NDLS-AGC-01,20.0,40.0,2026-09-07T11:50:00+00:00,2026-09-07T12:00:00+00:00,2026-09-07T11:50:00+00:00,2026-09-07T12:00:00+00:00,0
PATH-12040-2,TRN-040,12040,SEC-NDLS-AGC-01,40.0,60.0,2026-09-07T12:05:00+00:00,2026-09-07T12:15:00+00:00,2026-09-07T12:05:00+00:00,2026-09-07T12:15:00+00:00,0
PATH-12040-3,TRN-040,12040,SEC-NDLS-AGC-01,60.0,80.0,2026-09-07T12:20:00+00:00,2026-09-07T12:30:00+00:00,2026-09-07T12:20:00+00:00,2026-09-07T12:30:00+00:00,0
PATH-12040-4,TRN-040,12040,SEC-NDLS-AGC-01,80.0,100.0,2026-09-07T12:35:00+00:00,2026-09-07T12:45:00+00:00,2026-09-07T12:35:00+00:00,2026-09-07T12:45:00+00:00,0
PATH-12040-5,TRN-040,12040,SEC-NDLS-AGC-01,100.0,120.0,2026-09-07T12:50:00+00:00,2026-09-07T13:00:00+00:00,2026-09-07T12:50:00+00:00,2026-09-07T13:00:00+00:00,0
PATH-12040-6,TRN-040,12040,SEC-NDLS-AGC-01,120.0,140.0,2026-09-07T13:05:00+00:00,2026-09-07T13:15:00+00:00,2026-09-07T13:05:00+00:00,2026-09-07T13:15:00+00:00,0
PATH-12040-7,TRN-040,12040,SEC-NDLS-AGC-01,140.0,160.0,2026-09-07T13:20:00+00:00,2026-09-07T13:30:00+00:00,2026-09-07T13:20:00+00:00,2026-09-07T13:30:00+00:00,0
PATH-12040-8,TRN-040,12040,SEC-NDLS-AGC-01,160.0,180.0,2026-09-07T13:35:00+00:00,2026-09-07T13:45:00+00:00,2026-09-07T13:35:00+00:00,2026-09-07T13:45:00+00:00,0
PATH-12040-9,TRN-040,12040,SEC-NDLS-AGC-01,180.0,200.0,2026-09-07T13:50:00+00:00,2026-09-07T14:00:00+00:00,2026-09-07T13:50:00+00:00,2026-09-07T14:00:00+00:00,0
PATH-12041-0,TRN-041,12041,SEC-NDLS-AGC-01,0.0,20.0,2026-09-07T11:58:00+00:00,2026-09-07T12:08:00+00:00,2026-09-07T11:58:00+00:00,2026-09-07T12:08:00+00:00,0
PATH-12041-1,TRN-041,12041,SEC-NDLS-AGC-01,20.0,40.0,2026-09-07T12:13:00+00:00,2026-09-07T12:23:00+00:00,2026-09-07T12:13:00+00:00,2026-09-07T12:23:00+00:00,0
PATH-12041-2,TRN-041,12041,SEC-NDLS-AGC-01,40.0,60.0,2026-09-07T12:28:00+00:00,2026-09-07T12:38:00+00:00,2026-09-07T12:28:00+00:00,2026-09-07T12:38:00+00:00,0
PATH-12041-3,TRN-041,12041,SEC-NDLS-AGC-01,60.0,80.0,2026-09-07T12:43:00+00:00,2026-09-07T12:53:00+00:00,2026-09-07T12:43:00+00:00,2026-09-07T12:53:00+00:00,0
PATH-12041-4,TRN-041,12041,SEC-NDLS-AGC-01,80.0,100.0,2026-09-07T12:58:00+00:00,2026-09-07T13:08:00+00:00,2026-09-07T12:58:00+00:00,2026-09-07T13:08:00+00:00,0
PATH-12041-5,TRN-041,12041,SEC-NDLS-AGC-01,100.0,120.0,2026-09-07T13:13:00+00:00,2026-09-07T13:23:00+00:00,2026-09-07T13:13:00+00:00,2026-09-07T13:23:00+00:00,0
PATH-12041-6,TRN-041,12041,SEC-NDLS-AGC-01,120.0,140.0,2026-09-07T13:28:00+00:00,2026-09-07T13:38:00+00:00,2026-09-07T13:28:00+00:00,2026-09-07T13:38:00+00:00,0
PATH-12041-7,TRN-041,12041,SEC-NDLS-AGC-01,140.0,160.0,2026-09-07T13:43:00+00:00,2026-09-07T13:53:00+00:00,2026-09-07T13:43:00+00:00,2026-09-07T13:53:00+00:00,0
PATH-12041-8,TRN-041,12041,SEC-NDLS-AGC-01,160.0,180.0,2026-09-07T13:58:00+00:00,2026-09-07T14:08:00+00:00,2026-09-07T13:58:00+00:00,2026-09-07T14:08:00+00:00,0
PATH-12041-9,TRN-041,12041,SEC-NDLS-AGC-01,180.0,200.0,2026-09-07T14:13:00+00:00,2026-09-07T14:23:00+00:00,2026-09-07T14:13:00+00:00,2026-09-07T14:23:00+00:00,0
PATH-12042-0,TRN-042,12042,SEC-NDLS-AGC-01,0.0,20.0,2026-09-07T00:12:00+00:00,2026-09-07T00:22:00+00:00,2026-09-07T00:12:00+00:00,2026-09-07T00:22:00+00:00,21
PATH-12042-1,TRN-042,12042,SEC-NDLS-AGC-01,20.0,40.0,2026-09-07T00:27:00+00:00,2026-09-07T00:37:00+00:00,2026-09-07T00:27:00+00:00,2026-09-07T00:37:00+00:00,19
PATH-12042-2,TRN-042,12042,SEC-NDLS-AGC-01,40.0,60.0,2026-09-07T00:42:00+00:00,2026-09-07T00:52:00+00:00,2026-09-07T00:42:00+00:00,2026-09-07T00:52:00+00:00,35
PATH-12042-3,TRN-042,12042,SEC-NDLS-AGC-01,60.0,80.0,2026-09-07T00:57:00+00:00,2026-09-07T01:07:00+00:00,2026-09-07T00:57:00+00:00,2026-09-07T01:07:00+00:00,14
PATH-12042-4,TRN-042,12042,SEC-NDLS-AGC-01,80.0,100.0,2026-09-07T01:12:00+00:00,2026-09-07T01:22:00+00:00,2026-09-07T01:12:00+00:00,2026-09-07T01:22:00+00:00,19
PATH-12042-5,TRN-042,12042,SEC-NDLS-AGC-01,100.0,120.0,2026-09-07T01:27:00+00:00,2026-09-07T01:37:00+00:00,2026-09-07T01:27:00+00:00,2026-09-07T01:37:00+00:00,11
PATH-12042-6,TRN-042,12042,SEC-NDLS-AGC-01,120.0,140.0,2026-09-07T01:42:00+00:00,2026-09-07T01:52:00+00:00,2026-09-07T01:42:00+00:00,2026-09-07T01:52:00+00:00,15
PATH-12042-7,TRN-042,12042,SEC-NDLS-AGC-01,140.0,160.0,2026-09-07T01:57:00+00:00,2026-09-07T02:07:00+00:00,2026-09-07T01:57:00+00:00,2026-09-07T02:07:00+00:00,43
PATH-12042-8,TRN-042,12042,SEC-NDLS-AGC-01,160.0,180.0,2026-09-07T02:12:00+00:00,2026-09-07T02:22:00+00:00,2026-09-07T02:12:00+00:00,2026-09-07T02:22:00+00:00,23
PATH-12042-9,TRN-042,12042,SEC-NDLS-AGC-01,180.0,200.0,2026-09-07T02:27:00+00:00,2026-09-07T02:37:00+00:00,2026-09-07T02:27:00+00:00,2026-09-07T02:37:00+00:00,34
PATH-12043-0,TRN-043,12043,SEC-NDLS-AGC-01,0.0,20.0,2026-09-07T14:19:00+00:00,2026-09-07T14:29:00+00:00,2026-09-07T14:19:00+00:00,2026-09-07T14:29:00+00:00,0
PATH-12043-1,TRN-043,12043,SEC-NDLS-AGC-01,20.0,40.0,2026-09-07T14:34:00+00:00,2026-09-07T14:44:00+00:00,2026-09-07T14:34:00+00:00,2026-09-07T14:44:00+00:00,0
PATH-12043-2,TRN-043,12043,SEC-NDLS-AGC-01,40.0,60.0,2026-09-07T14:49:00+00:00,2026-09-07T14:59:00+00:00,2026-09-07T14:49:00+00:00,2026-09-07T14:59:00+00:00,0
PATH-12043-3,TRN-043,12043,SEC-NDLS-AGC-01,60.0,80.0,2026-09-07T15:04:00+00:00,2026-09-07T15:14:00+00:00,2026-09-07T15:04:00+00:00,2026-09-07T15:14:00+00:00,0
PATH-12043-4,TRN-043,12043,SEC-NDLS-AGC-01,80.0,100.0,2026-09-07T15:19:00+00:00,2026-09-07T15:29:00+00:00,2026-09-07T15:19:00+00:00,2026-09-07T15:29:00+00:00,0
PATH-12043-5,TRN-043,12043,SEC-NDLS-AGC-01,100.0,120.0,2026-09-07T15:34:00+00:00,2026-09-07T15:44:00+00:00,2026-09-07T15:34:00+00:00,2026-09-07T15:44:00+00:00,0
PATH-12043-6,TRN-043,12043,SEC-NDLS-AGC-01,120.0,140.0,2026-09-07T15:49:00+00:00,2026-09-07T15:59:00+00:00,2026-09-07T15:49:00+00:00,2026-09-07T15:59:00+00:00,0
PATH-12043-7,TRN-043,12043,SEC-NDLS-AGC-01,140.0,160.0,2026-09-07T16:04:00+00:00,2026-09-07T16:14:00+00:00,2026-09-07T16:04:00+00:00,2026-09-07T16:14:00+00:00,0
PATH-12043-8,TRN-043,12043,SEC-NDLS-AGC-01,160.0,180.0,2026-09-07T16:19:00+00:00,2026-09-07T16:29:00+00:00,2026-09-07T16:19:00+00:00,2026-09-07T16:29:00+00:00,0
PATH-12043-9,TRN-043,12043,SEC-NDLS-AGC-01,180.0,200.0,2026-09-07T16:34:00+00:00,2026-09-07T16:44:00+00:00,2026-09-07T16:34:00+00:00,2026-09-07T16:44:00+00:00,0
PATH-12044-0,TRN-044,12044,SEC-NDLS-AGC-01,0.0,20.0,2026-09-07T15:29:00+00:00,2026-09-07T15:39:00+00:00,2026-09-07T15:29:00+00:00,2026-09-07T15:39:00+00:00,0
PATH-12044-1,TRN-044,12044,SEC-NDLS-AGC-01,20.0,40.0,2026-09-07T15:44:00+00:00,2026-09-07T15:54:00+00:00,2026-09-07T15:44:00+00:00,2026-09-07T15:54:00+00:00,0
PATH-12044-2,TRN-044,12044,SEC-NDLS-AGC-01,40.0,60.0,2026-09-07T15:59:00+00:00,2026-09-07T16:09:00+00:00,2026-09-07T15:59:00+00:00,2026-09-07T16:09:00+00:00,0
PATH-12044-3,TRN-044,12044,SEC-NDLS-AGC-01,60.0,80.0,2026-09-07T16:14:00+00:00,2026-09-07T16:24:00+00:00,2026-09-07T16:14:00+00:00,2026-09-07T16:24:00+00:00,0
PATH-12044-4,TRN-044,12044,SEC-NDLS-AGC-01,80.0,100.0,2026-09-07T16:29:00+00:00,2026-09-07T16:39:00+00:00,2026-09-07T16:29:00+00:00,2026-09-07T16:39:00+00:00,0
PATH-12044-5,TRN-044,12044,SEC-NDLS-AGC-01,100.0,120.0,2026-09-07T16:44:00+00:00,2026-09-07T16:54:00+00:00,2026-09-07T16:44:00+00:00,2026-09-07T16:54:00+00:00,0
PATH-12044-6,TRN-044,12044,SEC-NDLS-AGC-01,120.0,140.0,2026-09-07T16:59:00+00:00,2026-09-07T17:09:00+00:00,2026-09-07T16:59:00+00:00,2026-09-07T17:09:00+00:00,0
PATH-12044-7,TRN-044,12044,SEC-NDLS-AGC-01,140.0,160.0,2026-09-07T17:14:00+00:00,2026-09-07T17:24:00+00:00,2026-09-07T17:14:00+00:00,2026-09-07T17:24:00+00:00,0
PATH-12044-8,TRN-044,12044,SEC-NDLS-AGC-01,160.0,180.0,2026-09-07T17:29:00+00:00,2026-09-07T17:39:00+00:00,2026-09-07T17:29:00+00:00,2026-09-07T17:39:00+00:00,0
PATH-12044-9,TRN-044,12044,SEC-NDLS-AGC-01,180.0,200.0,2026-09-07T17:44:00+00:00,2026-09-07T17:54:00+00:00,2026-09-07T17:44:00+00:00,2026-09-07T17:54:00+00:00,0
PATH-12045-0,TRN-045,12045,SEC-NDLS-AGC-01,0.0,20.0,2026-09-07T11:38:00+00:00,2026-09-07T11:48:00+00:00,2026-09-07T11:38:00+00:00,2026-09-07T11:48:00+00:00,0
PATH-12045-1,TRN-045,12045,SEC-NDLS-AGC-01,20.0,40.0,2026-09-07T11:53:00+00:00,2026-09-07T12:03:00+00:00,2026-09-07T11:53:00+00:00,2026-09-07T12:03:00+00:00,0
PATH-12045-2,TRN-045,12045,SEC-NDLS-AGC-01,40.0,60.0,2026-09-07T12:08:00+00:00,2026-09-07T12:18:00+00:00,2026-09-07T12:08:00+00:00,2026-09-07T12:18:00+00:00,0
PATH-12045-3,TRN-045,12045,SEC-NDLS-AGC-01,60.0,80.0,2026-09-07T12:23:00+00:00,2026-09-07T12:33:00+00:00,2026-09-07T12:23:00+00:00,2026-09-07T12:33:00+00:00,0
PATH-12045-4,TRN-045,12045,SEC-NDLS-AGC-01,80.0,100.0,2026-09-07T12:38:00+00:00,2026-09-07T12:48:00+00:00,2026-09-07T12:38:00+00:00,2026-09-07T12:48:00+00:00,0
PATH-12045-5,TRN-045,12045,SEC-NDLS-AGC-01,100.0,120.0,2026-09-07T12:53:00+00:00,2026-09-07T13:03:00+00:00,2026-09-07T12:53:00+00:00,2026-09-07T13:03:00+00:00,0
PATH-12045-6,TRN-045,12045,SEC-NDLS-AGC-01,120.0,140.0,2026-09-07T13:08:00+00:00,2026-09-07T13:18:00+00:00,2026-09-07T13:08:00+00:00,2026-09-07T13:18:00+00:00,0
PATH-12045-7,TRN-045,12045,SEC-NDLS-AGC-01,140.0,160.0,2026-09-07T13:23:00+00:00,2026-09-07T13:33:00+00:00,2026-09-07T13:23:00+00:00,2026-09-07T13:33:00+00:00,0
PATH-12045-8,TRN-045,12045,SEC-NDLS-AGC-01,160.0,180.0,2026-09-07T13:38:00+00:00,2026-09-07T13:48:00+00:00,2026-09-07T13:38:00+00:00,2026-09-07T13:48:00+00:00,0
PATH-12045-9,TRN-045,12045,SEC-NDLS-AGC-01,180.0,200.0,2026-09-07T13:53:00+00:00,2026-09-07T14:03:00+00:00,2026-09-07T13:53:00+00:00,2026-09-07T14:03:00+00:00,0
PATH-12046-0,TRN-046,12046,SEC-NDLS-AGC-01,0.0,20.0,2026-09-07T05:22:00+00:00,2026-09-07T05:32:00+00:00,2026-09-07T05:22:00+00:00,2026-09-07T05:32:00+00:00,0
PATH-12046-1,TRN-046,12046,SEC-NDLS-AGC-01,20.0,40.0,2026-09-07T05:37:00+00:00,2026-09-07T05:47:00+00:00,2026-09-07T05:37:00+00:00,2026-09-07T05:47:00+00:00,0
PATH-12046-2,TRN-046,12046,SEC-NDLS-AGC-01,40.0,60.0,2026-09-07T05:52:00+00:00,2026-09-07T06:02:00+00:00,2026-09-07T05:52:00+00:00,2026-09-07T06:02:00+00:00,0
PATH-12046-3,TRN-046,12046,SEC-NDLS-AGC-01,60.0,80.0,2026-09-07T06:07:00+00:00,2026-09-07T06:17:00+00:00,2026-09-07T06:07:00+00:00,2026-09-07T06:17:00+00:00,0
PATH-12046-4,TRN-046,12046,SEC-NDLS-AGC-01,80.0,100.0,2026-09-07T06:22:00+00:00,2026-09-07T06:32:00+00:00,2026-09-07T06:22:00+00:00,2026-09-07T06:32:00+00:00,0
PATH-12046-5,TRN-046,12046,SEC-NDLS-AGC-01,100.0,120.0,2026-09-07T06:37:00+00:00,2026-09-07T06:47:00+00:00,2026-09-07T06:37:00+00:00,2026-09-07T06:47:00+00:00,0
PATH-12046-6,TRN-046,12046,SEC-NDLS-AGC-01,120.0,140.0,2026-09-07T06:52:00+00:00,2026-09-07T07:02:00+00:00,2026-09-07T06:52:00+00:00,2026-09-07T07:02:00+00:00,0
PATH-12046-7,TRN-046,12046,SEC-NDLS-AGC-01,140.0,160.0,2026-09-07T07:07:00+00:00,2026-09-07T07:17:00+00:00,2026-09-07T07:07:00+00:00,2026-09-07T07:17:00+00:00,0
PATH-12046-8,TRN-046,12046,SEC-NDLS-AGC-01,160.0,180.0,2026-09-07T07:22:00+00:00,2026-09-07T07:32:00+00:00,2026-09-07T07:22:00+00:00,2026-09-07T07:32:00+00:00,0
PATH-12046-9,TRN-046,12046,SEC-NDLS-AGC-01,180.0,200.0,2026-09-07T07:37:00+00:00,2026-09-07T07:47:00+00:00,2026-09-07T07:37:00+00:00,2026-09-07T07:47:00+00:00,0
PATH-12047-0,TRN-047,12047,SEC-NDLS-AGC-01,0.0,20.0,2026-09-07T12:37:00+00:00,2026-09-07T12:47:00+00:00,2026-09-07T12:37:00+00:00,2026-09-07T12:47:00+00:00,0
PATH-12047-1,TRN-047,12047,SEC-NDLS-AGC-01,20.0,40.0,2026-09-07T12:52:00+00:00,2026-09-07T13:02:00+00:00,2026-09-07T12:52:00+00:00,2026-09-07T13:02:00+00:00,0
PATH-12047-2,TRN-047,12047,SEC-NDLS-AGC-01,40.0,60.0,2026-09-07T13:07:00+00:00,2026-09-07T13:17:00+00:00,2026-09-07T13:07:00+00:00,2026-09-07T13:17:00+00:00,0
PATH-12047-3,TRN-047,12047,SEC-NDLS-AGC-01,60.0,80.0,2026-09-07T13:22:00+00:00,2026-09-07T13:32:00+00:00,2026-09-07T13:22:00+00:00,2026-09-07T13:32:00+00:00,0
PATH-12047-4,TRN-047,12047,SEC-NDLS-AGC-01,80.0,100.0,2026-09-07T13:37:00+00:00,2026-09-07T13:47:00+00:00,2026-09-07T13:37:00+00:00,2026-09-07T13:47:00+00:00,0
PATH-12047-5,TRN-047,12047,SEC-NDLS-AGC-01,100.0,120.0,2026-09-07T13:52:00+00:00,2026-09-07T14:02:00+00:00,2026-09-07T13:52:00+00:00,2026-09-07T14:02:00+00:00,0
PATH-12047-6,TRN-047,12047,SEC-NDLS-AGC-01,120.0,140.0,2026-09-07T14:07:00+00:00,2026-09-07T14:17:00+00:00,2026-09-07T14:07:00+00:00,2026-09-07T14:17:00+00:00,0
PATH-12047-7,TRN-047,12047,SEC-NDLS-AGC-01,140.0,160.0,2026-09-07T14:22:00+00:00,2026-09-07T14:32:00+00:00,2026-09-07T14:22:00+00:00,2026-09-07T14:32:00+00:00,0
PATH-12047-8,TRN-047,12047,SEC-NDLS-AGC-01,160.0,180.0,2026-09-07T14:37:00+00:00,2026-09-07T14:47:00+00:00,2026-09-07T14:37:00+00:00,2026-09-07T14:47:00+00:00,0
PATH-12047-9,TRN-047,12047,SEC-NDLS-AGC-01,180.0,200.0,2026-09-07T14:52:00+00:00,2026-09-07T15:02:00+00:00,2026-09-07T14:52:00+00:00,2026-09-07T15:02:00+00:00,0
PATH-12048-0,TRN-048,12048,SEC-NDLS-AGC-01,0.0,20.0,2026-09-07T10:38:00+00:00,2026-09-07T10:48:00+00:00,2026-09-07T10:38:00+00:00,2026-09-07T10:48:00+00:00,30
PATH-12048-1,TRN-048,12048,SEC-NDLS-AGC-01,20.0,40.0,2026-09-07T10:53:00+00:00,2026-09-07T11:03:00+00:00,2026-09-07T10:53:00+00:00,2026-09-07T11:03:00+00:00,15
PATH-12048-2,TRN-048,12048,SEC-NDLS-AGC-01,40.0,60.0,2026-09-07T11:08:00+00:00,2026-09-07T11:18:00+00:00,2026-09-07T11:08:00+00:00,2026-09-07T11:18:00+00:00,13
PATH-12048-3,TRN-048,12048,SEC-NDLS-AGC-01,60.0,80.0,2026-09-07T11:23:00+00:00,2026-09-07T11:33:00+00:00,2026-09-07T11:23:00+00:00,2026-09-07T11:33:00+00:00,19
PATH-12048-4,TRN-048,12048,SEC-NDLS-AGC-01,80.0,100.0,2026-09-07T11:38:00+00:00,2026-09-07T11:48:00+00:00,2026-09-07T11:38:00+00:00,2026-09-07T11:48:00+00:00,20
PATH-12048-5,TRN-048,12048,SEC-NDLS-AGC-01,100.0,120.0,2026-09-07T11:53:00+00:00,2026-09-07T12:03:00+00:00,2026-09-07T11:53:00+00:00,2026-09-07T12:03:00+00:00,13
PATH-12048-6,TRN-048,12048,SEC-NDLS-AGC-01,120.0,140.0,2026-09-07T12:08:00+00:00,2026-09-07T12:18:00+00:00,2026-09-07T12:08:00+00:00,2026-09-07T12:18:00+00:00,15
PATH-12048-7,TRN-048,12048,SEC-NDLS-AGC-01,140.0,160.0,2026-09-07T12:23:00+00:00,2026-09-07T12:33:00+00:00,2026-09-07T12:23:00+00:00,2026-09-07T12:33:00+00:00,27
PATH-12048-8,TRN-048,12048,SEC-NDLS-AGC-01,160.0,180.0,2026-09-07T12:38:00+00:00,2026-09-07T12:48:00+00:00,2026-09-07T12:38:00+00:00,2026-09-07T12:48:00+00:00,38
PATH-12048-9,TRN-048,12048,SEC-NDLS-AGC-01,180.0,200.0,2026-09-07T12:53:00+00:00,2026-09-07T13:03:00+00:00,2026-09-07T12:53:00+00:00,2026-09-07T13:03:00+00:00,37
PATH-12049-0,TRN-049,12049,SEC-NDLS-AGC-01,0.0,20.0,2026-09-07T16:34:00+00:00,2026-09-07T16:44:00+00:00,2026-09-07T16:34:00+00:00,2026-09-07T16:44:00+00:00,0
PATH-12049-1,TRN-049,12049,SEC-NDLS-AGC-01,20.0,40.0,2026-09-07T16:49:00+00:00,2026-09-07T16:59:00+00:00,2026-09-07T16:49:00+00:00,2026-09-07T16:59:00+00:00,0
PATH-12049-2,TRN-049,12049,SEC-NDLS-AGC-01,40.0,60.0,2026-09-07T17:04:00+00:00,2026-09-07T17:14:00+00:00,2026-09-07T17:04:00+00:00,2026-09-07T17:14:00+00:00,0
PATH-12049-3,TRN-049,12049,SEC-NDLS-AGC-01,60.0,80.0,2026-09-07T17:19:00+00:00,2026-09-07T17:29:00+00:00,2026-09-07T17:19:00+00:00,2026-09-07T17:29:00+00:00,0
PATH-12049-4,TRN-049,12049,SEC-NDLS-AGC-01,80.0,100.0,2026-09-07T17:34:00+00:00,2026-09-07T17:44:00+00:00,2026-09-07T17:34:00+00:00,2026-09-07T17:44:00+00:00,0
PATH-12049-5,TRN-049,12049,SEC-NDLS-AGC-01,100.0,120.0,2026-09-07T17:49:00+00:00,2026-09-07T17:59:00+00:00,2026-09-07T17:49:00+00:00,2026-09-07T17:59:00+00:00,0
PATH-12049-6,TRN-049,12049,SEC-NDLS-AGC-01,120.0,140.0,2026-09-07T18:04:00+00:00,2026-09-07T18:14:00+00:00,2026-09-07T18:04:00+00:00,2026-09-07T18:14:00+00:00,0
PATH-12049-7,TRN-049,12049,SEC-NDLS-AGC-01,140.0,160.0,2026-09-07T18:19:00+00:00,2026-09-07T18:29:00+00:00,2026-09-07T18:19:00+00:00,2026-09-07T18:29:00+00:00,0
PATH-12049-8,TRN-049,12049,SEC-NDLS-AGC-01,160.0,180.0,2026-09-07T18:34:00+00:00,2026-09-07T18:44:00+00:00,2026-09-07T18:34:00+00:00,2026-09-07T18:44:00+00:00,0
PATH-12049-9,TRN-049,12049,SEC-NDLS-AGC-01,180.0,200.0,2026-09-07T18:49:00+00:00,2026-09-07T18:59:00+00:00,2026-09-07T18:49:00+00:00,2026-09-07T18:59:00+00:00,0
PATH-12050-0,TRN-050,12050,SEC-NDLS-AGC-01,0.0,20.0,2026-09-07T15:05:00+00:00,2026-09-07T15:15:00+00:00,2026-09-07T15:05:00+00:00,2026-09-07T15:15:00+00:00,0
PATH-12050-1,TRN-050,12050,SEC-NDLS-AGC-01,20.0,40.0,2026-09-07T15:20:00+00:00,2026-09-07T15:30:00+00:00,2026-09-07T15:20:00+00:00,2026-09-07T15:30:00+00:00,0
PATH-12050-2,TRN-050,12050,SEC-NDLS-AGC-01,40.0,60.0,2026-09-07T15:35:00+00:00,2026-09-07T15:45:00+00:00,2026-09-07T15:35:00+00:00,2026-09-07T15:45:00+00:00,0
PATH-12050-3,TRN-050,12050,SEC-NDLS-AGC-01,60.0,80.0,2026-09-07T15:50:00+00:00,2026-09-07T16:00:00+00:00,2026-09-07T15:50:00+00:00,2026-09-07T16:00:00+00:00,0
PATH-12050-4,TRN-050,12050,SEC-NDLS-AGC-01,80.0,100.0,2026-09-07T16:05:00+00:00,2026-09-07T16:15:00+00:00,2026-09-07T16:05:00+00:00,2026-09-07T16:15:00+00:00,0
PATH-12050-5,TRN-050,12050,SEC-NDLS-AGC-01,100.0,120.0,2026-09-07T16:20:00+00:00,2026-09-07T16:30:00+00:00,2026-09-07T16:20:00+00:00,2026-09-07T16:30:00+00:00,0
PATH-12050-6,TRN-050,12050,SEC-NDLS-AGC-01,120.0,140.0,2026-09-07T16:35:00+00:00,2026-09-07T16:45:00+00:00,2026-09-07T16:35:00+00:00,2026-09-07T16:45:00+00:00,0
PATH-12050-7,TRN-050,12050,SEC-NDLS-AGC-01,140.0,160.0,2026-09-07T16:50:00+00:00,2026-09-07T17:00:00+00:00,2026-09-07T16:50:00+00:00,2026-09-07T17:00:00+00:00,0
PATH-12050-8,TRN-050,12050,SEC-NDLS-AGC-01,160.0,180.0,2026-09-07T17:05:00+00:00,2026-09-07T17:15:00+00:00,2026-09-07T17:05:00+00:00,2026-09-07T17:15:00+00:00,0
PATH-12050-9,TRN-050,12050,SEC-NDLS-AGC-01,180.0,200.0,2026-09-07T17:20:00+00:00,2026-09-07T17:30:00+00:00,2026-09-07T17:20:00+00:00,2026-09-07T17:30:00+00:00,0
PATH-12051-0,TRN-051,12051,SEC-NDLS-AGC-01,0.0,20.0,2026-09-07T14:08:00+00:00,2026-09-07T14:18:00+00:00,2026-09-07T14:08:00+00:00,2026-09-07T14:18:00+00:00,0
PATH-12051-1,TRN-051,12051,SEC-NDLS-AGC-01,20.0,40.0,2026-09-07T14:23:00+00:00,2026-09-07T14:33:00+00:00,2026-09-07T14:23:00+00:00,2026-09-07T14:33:00+00:00,0
PATH-12051-2,TRN-051,12051,SEC-NDLS-AGC-01,40.0,60.0,2026-09-07T14:38:00+00:00,2026-09-07T14:48:00+00:00,2026-09-07T14:38:00+00:00,2026-09-07T14:48:00+00:00,0
PATH-12051-3,TRN-051,12051,SEC-NDLS-AGC-01,60.0,80.0,2026-09-07T14:53:00+00:00,2026-09-07T15:03:00+00:00,2026-09-07T14:53:00+00:00,2026-09-07T15:03:00+00:00,0
PATH-12051-4,TRN-051,12051,SEC-NDLS-AGC-01,80.0,100.0,2026-09-07T15:08:00+00:00,2026-09-07T15:18:00+00:00,2026-09-07T15:08:00+00:00,2026-09-07T15:18:00+00:00,0
PATH-12051-5,TRN-051,12051,SEC-NDLS-AGC-01,100.0,120.0,2026-09-07T15:23:00+00:00,2026-09-07T15:33:00+00:00,2026-09-07T15:23:00+00:00,2026-09-07T15:33:00+00:00,0
PATH-12051-6,TRN-051,12051,SEC-NDLS-AGC-01,120.0,140.0,2026-09-07T15:38:00+00:00,2026-09-07T15:48:00+00:00,2026-09-07T15:38:00+00:00,2026-09-07T15:48:00+00:00,0
PATH-12051-7,TRN-051,12051,SEC-NDLS-AGC-01,140.0,160.0,2026-09-07T15:53:00+00:00,2026-09-07T16:03:00+00:00,2026-09-07T15:53:00+00:00,2026-09-07T16:03:00+00:00,0
PATH-12051-8,TRN-051,12051,SEC-NDLS-AGC-01,160.0,180.0,2026-09-07T16:08:00+00:00,2026-09-07T16:18:00+00:00,2026-09-07T16:08:00+00:00,2026-09-07T16:18:00+00:00,0
PATH-12051-9,TRN-051,12051,SEC-NDLS-AGC-01,180.0,200.0,2026-09-07T16:23:00+00:00,2026-09-07T16:33:00+00:00,2026-09-07T16:23:00+00:00,2026-09-07T16:33:00+00:00,0
PATH-12052-0,TRN-052,12052,SEC-NDLS-AGC-01,0.0,20.0,2026-09-07T09:19:00+00:00,2026-09-07T09:29:00+00:00,2026-09-07T09:19:00+00:00,2026-09-07T09:29:00+00:00,0
PATH-12052-1,TRN-052,12052,SEC-NDLS-AGC-01,20.0,40.0,2026-09-07T09:34:00+00:00,2026-09-07T09:44:00+00:00,2026-09-07T09:34:00+00:00,2026-09-07T09:44:00+00:00,0
PATH-12052-2,TRN-052,12052,SEC-NDLS-AGC-01,40.0,60.0,2026-09-07T09:49:00+00:00,2026-09-07T09:59:00+00:00,2026-09-07T09:49:00+00:00,2026-09-07T09:59:00+00:00,0
PATH-12052-3,TRN-052,12052,SEC-NDLS-AGC-01,60.0,80.0,2026-09-07T10:04:00+00:00,2026-09-07T10:14:00+00:00,2026-09-07T10:04:00+00:00,2026-09-07T10:14:00+00:00,0
PATH-12052-4,TRN-052,12052,SEC-NDLS-AGC-01,80.0,100.0,2026-09-07T10:19:00+00:00,2026-09-07T10:29:00+00:00,2026-09-07T10:19:00+00:00,2026-09-07T10:29:00+00:00,0
PATH-12052-5,TRN-052,12052,SEC-NDLS-AGC-01,100.0,120.0,2026-09-07T10:34:00+00:00,2026-09-07T10:44:00+00:00,2026-09-07T10:34:00+00:00,2026-09-07T10:44:00+00:00,0
PATH-12052-6,TRN-052,12052,SEC-NDLS-AGC-01,120.0,140.0,2026-09-07T10:49:00+00:00,2026-09-07T10:59:00+00:00,2026-09-07T10:49:00+00:00,2026-09-07T10:59:00+00:00,0
PATH-12052-7,TRN-052,12052,SEC-NDLS-AGC-01,140.0,160.0,2026-09-07T11:04:00+00:00,2026-09-07T11:14:00+00:00,2026-09-07T11:04:00+00:00,2026-09-07T11:14:00+00:00,0
PATH-12052-8,TRN-052,12052,SEC-NDLS-AGC-01,160.0,180.0,2026-09-07T11:19:00+00:00,2026-09-07T11:29:00+00:00,2026-09-07T11:19:00+00:00,2026-09-07T11:29:00+00:00,0
PATH-12052-9,TRN-052,12052,SEC-NDLS-AGC-01,180.0,200.0,2026-09-07T11:34:00+00:00,2026-09-07T11:44:00+00:00,2026-09-07T11:34:00+00:00,2026-09-07T11:44:00+00:00,0
PATH-12053-0,TRN-053,12053,SEC-NDLS-AGC-01,0.0,20.0,2026-09-07T07:21:00+00:00,2026-09-07T07:31:00+00:00,2026-09-07T07:21:00+00:00,2026-09-07T07:31:00+00:00,0
PATH-12053-1,TRN-053,12053,SEC-NDLS-AGC-01,20.0,40.0,2026-09-07T07:36:00+00:00,2026-09-07T07:46:00+00:00,2026-09-07T07:36:00+00:00,2026-09-07T07:46:00+00:00,0
PATH-12053-2,TRN-053,12053,SEC-NDLS-AGC-01,40.0,60.0,2026-09-07T07:51:00+00:00,2026-09-07T08:01:00+00:00,2026-09-07T07:51:00+00:00,2026-09-07T08:01:00+00:00,0
PATH-12053-3,TRN-053,12053,SEC-NDLS-AGC-01,60.0,80.0,2026-09-07T08:06:00+00:00,2026-09-07T08:16:00+00:00,2026-09-07T08:06:00+00:00,2026-09-07T08:16:00+00:00,0
PATH-12053-4,TRN-053,12053,SEC-NDLS-AGC-01,80.0,100.0,2026-09-07T08:21:00+00:00,2026-09-07T08:31:00+00:00,2026-09-07T08:21:00+00:00,2026-09-07T08:31:00+00:00,0
PATH-12053-5,TRN-053,12053,SEC-NDLS-AGC-01,100.0,120.0,2026-09-07T08:36:00+00:00,2026-09-07T08:46:00+00:00,2026-09-07T08:36:00+00:00,2026-09-07T08:46:00+00:00,0
PATH-12053-6,TRN-053,12053,SEC-NDLS-AGC-01,120.0,140.0,2026-09-07T08:51:00+00:00,2026-09-07T09:01:00+00:00,2026-09-07T08:51:00+00:00,2026-09-07T09:01:00+00:00,0
PATH-12053-7,TRN-053,12053,SEC-NDLS-AGC-01,140.0,160.0,2026-09-07T09:06:00+00:00,2026-09-07T09:16:00+00:00,2026-09-07T09:06:00+00:00,2026-09-07T09:16:00+00:00,0
PATH-12053-8,TRN-053,12053,SEC-NDLS-AGC-01,160.0,180.0,2026-09-07T09:21:00+00:00,2026-09-07T09:31:00+00:00,2026-09-07T09:21:00+00:00,2026-09-07T09:31:00+00:00,0
PATH-12053-9,TRN-053,12053,SEC-NDLS-AGC-01,180.0,200.0,2026-09-07T09:36:00+00:00,2026-09-07T09:46:00+00:00,2026-09-07T09:36:00+00:00,2026-09-07T09:46:00+00:00,0
PATH-12054-0,TRN-054,12054,SEC-NDLS-AGC-01,0.0,20.0,2026-09-07T17:29:00+00:00,2026-09-07T17:39:00+00:00,2026-09-07T17:29:00+00:00,2026-09-07T17:39:00+00:00,17
PATH-12054-1,TRN-054,12054,SEC-NDLS-AGC-01,20.0,40.0,2026-09-07T17:44:00+00:00,2026-09-07T17:54:00+00:00,2026-09-07T17:44:00+00:00,2026-09-07T17:54:00+00:00,32
PATH-12054-2,TRN-054,12054,SEC-NDLS-AGC-01,40.0,60.0,2026-09-07T17:59:00+00:00,2026-09-07T18:09:00+00:00,2026-09-07T17:59:00+00:00,2026-09-07T18:09:00+00:00,37
PATH-12054-3,TRN-054,12054,SEC-NDLS-AGC-01,60.0,80.0,2026-09-07T18:14:00+00:00,2026-09-07T18:24:00+00:00,2026-09-07T18:14:00+00:00,2026-09-07T18:24:00+00:00,17
PATH-12054-4,TRN-054,12054,SEC-NDLS-AGC-01,80.0,100.0,2026-09-07T18:29:00+00:00,2026-09-07T18:39:00+00:00,2026-09-07T18:29:00+00:00,2026-09-07T18:39:00+00:00,28
PATH-12054-5,TRN-054,12054,SEC-NDLS-AGC-01,100.0,120.0,2026-09-07T18:44:00+00:00,2026-09-07T18:54:00+00:00,2026-09-07T18:44:00+00:00,2026-09-07T18:54:00+00:00,41
PATH-12054-6,TRN-054,12054,SEC-NDLS-AGC-01,120.0,140.0,2026-09-07T18:59:00+00:00,2026-09-07T19:09:00+00:00,2026-09-07T18:59:00+00:00,2026-09-07T19:09:00+00:00,43
PATH-12054-7,TRN-054,12054,SEC-NDLS-AGC-01,140.0,160.0,2026-09-07T19:14:00+00:00,2026-09-07T19:24:00+00:00,2026-09-07T19:14:00+00:00,2026-09-07T19:24:00+00:00,29
PATH-12054-8,TRN-054,12054,SEC-NDLS-AGC-01,160.0,180.0,2026-09-07T19:29:00+00:00,2026-09-07T19:39:00+00:00,2026-09-07T19:29:00+00:00,2026-09-07T19:39:00+00:00,12
PATH-12054-9,TRN-054,12054,SEC-NDLS-AGC-01,180.0,200.0,2026-09-07T19:44:00+00:00,2026-09-07T19:54:00+00:00,2026-09-07T19:44:00+00:00,2026-09-07T19:54:00+00:00,24
